No,NIM,OOP,RPB,RPL,PI,APSI,WEB,Statistik,Matdis,Alpro,Strukdat,SE,PO,SCM,EA,Basdat,Manjarkom,Sisop,MSDM,Desjar,KSI,Pilihan 1,Pilihan 2,Peminatan
1,1202160002,4,3.5,0,4,3.5,4,3.5,3.5,3.5,3.5,4,3.5,3.5,4,3.5,3.5,4,3.5,3.5,0,ERP,EDM,ERP
2,1202160009,4,3.5,0,3.5,3.5,3.5,3.5,3.5,4,3.5,3.5,3.5,4,3.5,3.5,3,3.5,4,3.5,0,ERP,EDM,ERP
3,1202160010,0,0,0,0,0,0,0,0,0,0,0,0,0,0,0,0,0,0,0,0,0,0,
4,1202160011,4,4,0,3.5,3.5,4,3,4,3.5,3,3.5,3,3.5,3.5,4,3.5,3.5,3.5,2.5,0,ERP,EDM,ERP
5,1202160013,3.5,3,0,3.5,2,2,2.5,4,3.5,2,3.5,2.5,2.5,3.5,3.5,2.5,2,1,4,0,EA,EDM,EDM
6,1202160015,1,1,0,3.5,3.5,3,2,4,3.5,3,3,2.5,3.5,3.5,2.5,1,2,3.5,2.5,0,ISM,EDM,ISM
7,1202160019,3.5,2,0,2.5,3,3.5,1,3.5,4,1,0,2,0,2.5,3.5,2,2.5,1,2,0,EAD,ISM,EAD
8,1202160020,0,0,0,0,0,0,0,1,0,0,0,0,0,0,0,0,0,0,0,0,0,0,
9,1202160023,3,3.5,0,3.5,3.5,3.5,2,3,3.5,3,3.5,3.5,3.5,3.5,3,1,2,3.5,3,0,EA,EAD,EAD
10,1202160024,2,2.5,0,3.5,3.5,3,0,1,3.5,2.5,2,3,2.5,3,1,2,2,3.5,2.5,0,ISM,EAD,ISM
11,1202160028,3.5,3.5,0,3,3.5,2.5,2.5,3.5,3.5,2,2.5,2,2,3,3.5,3,3.5,2.5,2,0,EA,TECHNO,EA
12,1202160030,3.5,4,0,3.5,4,2.5,3.5,3.5,4,3,3.5,3,3.5,3,3,3,3.5,3.5,3.5,0,EAD,ISM,EAD
13,1202160034,3.5,2,0,3.5,2,4,2,2.5,3.5,3.5,3.5,2.5,2.5,3.5,2.5,3,4,3.5,3.5,0,EAD,EIM,EAD
14,1202160036,0,0,0,0,2,0,0,1,1,0,2,1,0,0,0,0,0,0,0,0,0,0,
15,1202160041,4,3.5,0,3.5,3.5,4,3.5,4,4,3.5,3,4,4,3.5,4,3.5,4,4,4,0,EDM,ISM,EDM
16,1202160043,4,3.5,0,4,3.5,4,4,4,4,3,4,3,4,4,4,4,4,3.5,3.5,0,EDM,EIM,EDM
17,1202160044,4,3.5,0,3.5,4,3.5,3,3.5,4,2.5,3.5,2.5,3,3.5,4,3.5,4,3.5,2.5,0,EDM,ERP,EDM
18,1202160045,4,3.5,0,4,3.5,3,4,2,4,2.5,3.5,3.5,4,4,3.5,4,3.5,3.5,4,0,EIM,EDM,EIM
19,1202160046,4,3.5,0,3.5,4,3.5,3.5,3.5,4,3.5,3.5,3,3.5,3.5,4,3.5,4,3.5,4,0,EDM,EDM,EDM
20,1202160047,3.5,3.5,0,3.5,4,3.5,2,3,4,3,3.5,3.5,3.5,4,3.5,2,3.5,4,3.5,0,EA,EAD,EAA
21,1202160048,4,3.5,0,4,4,3.5,4,4,4,3.5,4,3.5,4,4,4,3,3,3.5,3.5,0,EA,EDM,EAA
22,1202160050,4,4,0,4,4,4,4,4,4,3.5,4,4,4,4,4,3,4,4,3.5,0,ERP,EAD,ERP
23,1202160051,3.5,4,0,3.5,3.5,3,3,4,3,2.5,3.5,3,3.5,3.5,4,3.5,3.5,4,2,0,EA,EDM,EAA
24,1202160052,3,3.5,0,3.5,3.5,2,2,2.5,3,3,3.5,2,3.5,3.5,3.5,3.5,3,2.5,3,0,TECHNO,ISM,TECHNO
25,1202160053,0,0,0,0,0,0,2.5,2,2.5,0,2.5,2,0,0,0,2,0,0,2,0,0,0,
26,1202160054,4,4,0,4,4,3,3.5,4,4,3.5,4,3.5,3.5,4,3.5,3.5,3.5,3.5,4,0,EA,EDM,EAA
27,1202160055,2.5,2.5,0,3.5,3.5,3.5,2.5,2.5,4,3,3,2.5,3.5,3.5,3,2,2.5,2.5,3,0,EIM,EDM,EDM
28,1202160057,4,3.5,0,3.5,4,4,3.5,4,3.5,4,4,3.5,4,3.5,3.5,4,3.5,3.5,3.5,0,ERP,EDM,ERP
29,1202160059,4,3.5,0,4,3.5,3.5,3,4,3.5,2.5,3,2,3.5,3.5,4,3.5,3.5,4,3,0,EIM,EDM,EIM
30,1202160061,4,4,0,3.5,3.5,3.5,3.5,4,3.5,2.5,3.5,2,3.5,4,4,4,3.5,4,4,0,ERP,EDM,ERP
31,1202160062,3.5,3.5,0,4,3.5,3,2.5,4,4,3.5,3.5,2.5,3,3.5,3.5,3,3.5,3.5,4,0,EA,TECHNO,EAA
32,1202160063,4,4,0,4,4,4,4,4,4,3.5,4,3.5,4,4,4,2,3.5,4,3.5,0,EDM,ERP,EDM
33,1202160066,3.5,3.5,0,3.5,3.5,3.5,2.5,2,3,2.5,3.5,3,3,3.5,3.5,3,3.5,3,2.5,0,0,0,
34,1202160067,0,0,0,0,0,0,0,4,3.5,0,3.5,1,0,0,0,0,0,0,2,0,0,0,
35,1202160070,3.5,3.5,0,3.5,3.5,2.5,3,3.5,4,3,3,2,3.5,3.5,2.5,2,2.5,3.5,4,0,EA,EDM,EDM
36,1202160074,4,3.5,0,3.5,3.5,4,3.5,3.5,3.5,4,3.5,3.5,4,3.5,3.5,3.5,3.5,3.5,3,0,EAD,EA,EAD
37,1202160076,0,0,0,0,0,0,0,0,0,0,0,0,0,0,0,0,0,0,0,0,0,0,
38,1202160080,2.5,3,0,3,3.5,3,0,2,3.5,2.5,3,2.5,2.5,3.5,2.5,1,2,3,2,0,ERP,ERP,ERP
39,1202160082,4,3.5,0,3.5,3.5,3.5,1,2,3,3.5,3.5,3.5,3.5,3.5,3.5,3,4,3.5,3,0,EDM,ERP,EDM
40,1202160083,3.5,3.5,0,3.5,3.5,3.5,2.5,2.5,2,2.5,3,2.5,3.5,3,3.5,3.5,3.5,3.5,2,0,ISM,EDM,ISM
41,1202160084,3,2.5,0,2,3,1,1,2.5,3.5,2,3,2,2,2,3,2.5,2,2,1,0,EDM,EIM,EDM
42,1202160086,3.5,4,0,3.5,3.5,3,3.5,4,4,3,3.5,3,3.5,4,3.5,3,3.5,3.5,4,0,EA,EAD,EAA
43,1202160088,2,3,0,3,3.5,2,0,2,3.5,2,2.5,2,3.5,3,2,2,2.5,2.5,2,0,EA,EAD,EAD
44,1202160089,3.5,3.5,0,3.5,3.5,3.5,3.5,3.5,3.5,3.5,2.5,3.5,3.5,3.5,3.5,3,3.5,3.5,3.5,0,ISM,EDM,ISM
45,1202160093,3.5,3.5,0,3.5,2.5,3,3.5,2.5,3.5,2.5,3.5,3,3,4,3.5,3.5,3,3,3.5,0,ERP,EDM,ERP
46,1202160095,2,0,0,2,0,0,1,2,3.5,3,3,2.5,1,2.5,0,0,0,2,3,0,ISM,EAD,ISM
47,1202160096,3,2,0,3.5,3.5,3.5,4,3.5,3.5,2.5,3,3,4,3.5,2.5,2,2.5,3.5,2,0,EDM,ISM,EDM
48,1202160098,4,3.5,0,3.5,4,4,3.5,3.5,3.5,4,3.5,3.5,4,3.5,3.5,3.5,4,3.5,3.5,0,EDM,ISM,EDM
49,1202160101,4,3.5,0,3.5,3.5,2.5,2,2.5,3.5,2.5,3,2.5,3.5,4,4,3.5,3,4,4,0,EA,EDM,EAA
50,1202160103,3.5,4,0,4,4,3.5,3.5,4,4,3.5,4,3,4,4,3.5,2.5,3.5,3.5,3.5,0,ERP,EDM,ERP
51,1202160105,4,4,0,4,4,4,2.5,4,4,3.5,4,4,3.5,3.5,4,3.5,3.5,3.5,3.5,0,EA,EDM,EAA
52,1202160107,3.5,2.5,0,3.5,3.5,2.5,2.5,3.5,3.5,2.5,3.5,2.5,3.5,3,2,3.5,2.5,3.5,2,0,EA,EDM,EDM
53,1202160110,2.5,3.5,0,4,3.5,2.5,3.5,3,3,3,4,2.5,2,3.5,2.5,3.5,3,4,4,0,EDM,ISM,EDM
54,1202160111,3.5,3.5,0,3.5,4,3.5,4,4,4,3,4,3.5,4,4,3.5,3,3.5,4,4,0,ERP,EDM,ERP
55,1202160112,3.5,3,0,3.5,4,3.5,2.5,3.5,3.5,3.5,3,3,3.5,3.5,3.5,2,3.5,4,3,0,ISM,EDM,ISM
56,1202160117,4,4,0,4,3.5,4,3,4,4,3.5,4,3,3.5,4,4,3.5,4,4,4,0,ERP,EDM,ERP
57,1202160118,3,3.5,0,4,3.5,2,3,3.5,4,3.5,3.5,3,3.5,3.5,3.5,3.5,3.5,3.5,4,0,EIM,EDM,EIM
58,1202160120,3.5,3.5,0,3.5,4,3.5,4,3.5,4,3.5,3.5,3.5,3.5,4,3.5,1,3.5,4,3,0,ERP,EDM,ERP
59,1202160121,3.5,3,0,3.5,3.5,3.5,3,2.5,3.5,2,2.5,2.5,3.5,3,3.5,3.5,3,3,2.5,0,ISM,EDM,ISM
60,1202160124,3.5,3.5,0,2.5,3.5,3,2.5,3.5,3.5,3,3.5,2,3.5,3,3.5,2.5,3,3,2,0,EA,EDM,EDM
61,1202160126,3.5,4,0,4,3.5,2,4,3.5,4,3.5,3,2,2.5,3.5,3.5,3.5,3.5,3.5,4,0,EIM,EAD,EIM
62,1202160127,3.5,3.5,0,3.5,4,3.5,3.5,4,4,3.5,3.5,3,3.5,3.5,3,3,3,3.5,3.5,0,EAD,EA,EAD
63,1202160130,3.5,3,0,3.5,3,3.5,3,4,3,3.5,3.5,3,3.5,3.5,3.5,2.5,3.5,3.5,2.5,0,ERP,EAD,ERP
64,1202160132,4,3.5,0,3.5,3.5,3.5,3,4,3.5,3,3.5,2.5,3.5,3.5,4,3.5,4,3.5,3.5,0,EIM,EDM,EIM
65,1202160133,4,4,0,4,3,3.5,3.5,4,3.5,2.5,3.5,3,3.5,4,4,3.5,3,3.5,4,0,EA,EDM,EAA
66,1202160134,3,3.5,0,3.5,2.5,2,2,2.5,3.5,2,3.5,1,0,2,2.5,3.5,3.5,3.5,3.5,0,EIM,TECHNO,EIM
67,1202160135,3.5,4,0,4,4,3.5,4,4,3.5,3.5,4,3,4,4,3.5,1,2.5,3.5,3.5,0,ISM,EAD,ISM
68,1202160138,3.5,3.5,0,4,3.5,3.5,3.5,3.5,3.5,3,3,3,3.5,3.5,3.5,3,3.5,3,2.5,0,ERP,EDM,ERP
69,1202160141,3.5,2.5,0,3,2,2,2,1,3.5,2,2,2.5,1,3,3,2.5,2,3,3,0,TECHNO,EA,TECHNO
70,1202160145,3.5,2.5,0,3.5,3.5,3.5,2,3,4,3.5,3.5,4,3.5,2.5,3.5,4,4,3.5,4,0,EIM,EIM,EIM
71,1202160148,3.5,3.5,0,3.5,3.5,2.5,2.5,2,3.5,2.5,3,2,3.5,2,3.5,3,3,3,2,0,TECHNO,ISM,TECHNO
72,1202160151,3.5,3.5,0,3.5,4,3.5,4,4,3.5,3.5,3.5,3,4,4,3.5,2,3.5,3.5,3.5,0,ERP,ERP,ERP
73,1202160153,3.5,0,0,1,2,0,1,4,3,1,3.5,2,0,0,1,2,0,0,3,0,ISM,TECHNO,ERP
74,1202160154,3,3.5,0,3.5,3.5,3.5,2,3,3,3,3.5,3,2.5,3.5,3,3,3.5,3.5,2,0,EA,EDM,EAA
75,1202160155,4,4,0,4,3.5,3.5,2.5,3,2,2.5,3,2.5,3.5,3.5,4,3,3.5,3.5,3,0,EA,EAD,EAA
76,1202160160,2.5,3,0,3.5,4,3,2,4,4,3,3,2.5,3.5,3.5,3.5,1,2.5,3.5,2.5,0,ISM,EDM,ISM
77,1202160167,3.5,4,0,3.5,3.5,3.5,2.5,3,4,2,3.5,3,3,3,2.5,2.5,3.5,3.5,4,0,EAD,EA,EAD
78,1202160169,2.5,3.5,0,3,4,3,0,2,3.5,3,2.5,2,2.5,3.5,2.5,1,2,3,2,0,ERP,ERP,ERP
79,1202160171,3.5,3.5,0,3.5,4,3.5,2,2.5,3.5,2.5,2.5,3,4,3,4,3,3.5,3,2.5,0,ERP,TECHNO,ERP
80,1202160173,4,3.5,0,3,3.5,3.5,2.5,3.5,3.5,3,3.5,2,3,3.5,3.5,3.5,3,3.5,3,0,EA,EDM,EAA
81,1202160178,3,3.5,0,3.5,4,3.5,3,3,3.5,2.5,3,3,4,3.5,3.5,3,3,4,3.5,0,EA,EDM,EAA
82,1202160179,3,3,0,3.5,3.5,3.5,2.5,4,2.5,3.5,3.5,3,4,3.5,4,3.5,3.5,3.5,3,0,ERP,ERP,ERP
83,1202160180,3.5,3,0,3.5,3,3,2,2,2,2,3,2,3.5,3,3.5,2.5,3.5,0,2,0,EDM,EDM,EDM
84,1202160182,3.5,4,0,3.5,3.5,3.5,3.5,3.5,4,2.5,3.5,3,3.5,4,4,3.5,2.5,3.5,3.5,0,ERP,EDM,ERP
85,1202160183,3,0,0,2,3.5,2,2.5,2,2,2,2,1,3,2.5,2,3.5,2,2,3.5,0,EDM,ISM,EDM
86,1202160184,4,3.5,0,4,4,3.5,3.5,3.5,4,3.5,3.5,3.5,3.5,4,4,2,4,3.5,3.5,0,EDM,EDM,EDM
87,1202160185,3.5,2.5,0,3.5,4,4,3,3,4,3.5,3,3.5,3.5,4,3,3,3.5,3.5,2.5,0,EAD,EA,EAD
88,1202160186,3.5,3,0,3.5,3,3,2,2.5,3.5,3.5,3,3.5,3.5,3.5,2.5,3.5,2.5,3.5,3.5,0,TECHNO,ISM,TECHNO
89,1202160190,3,3.5,0,2,3,2,3,2,3.5,2,3,2,1,2.5,3.5,3.5,2,2,3.5,0,EIM,TECHNO,EIM
90,1202160191,0,0,0,0,0,0,0,0,0,0,0,0,0,0,0,0,0,0,0,0,0,0,
91,1202160192,2.5,3.5,0,3.5,4,2.5,2.5,3,3.5,3.5,2.5,2.5,0,3.5,2.5,2,2,2.5,3,0,EDM,ISM,EDM
92,1202160195,3,2,0,3.5,3.5,0,1,2.5,3,2,3,2.5,0,0,1,2,0,0,2,0,EA,EAD,EAD
93,1202160196,3.5,3.5,0,0,3.5,3.5,2,2,3.5,2.5,3.5,2.5,3.5,3,4,3,2.5,3,2.5,0,ISM,EDM,ISM
94,1202160197,4,3.5,0,3.5,3.5,3.5,2,4,4,4,3.5,2.5,3.5,2,4,3,4,2,3,0,EDM,EIM,EDM
95,1202160200,3.5,3,0,3.5,3.5,4,3,2.5,4,3.5,3.5,3.5,3,3.5,3,2,3.5,3.5,4,0,EDM,ISM,EDM
96,1202160202,4,4,0,4,4,4,2,4,4,3.5,3.5,2,3.5,3.5,3.5,3.5,3.5,3.5,3.5,0,TECHNO,ISM,TECHNO
97,1202160205,4,4,0,4,4,4,3,4,3.5,4,3.5,2.5,3.5,4,4,4,4,3.5,3.5,0,TECHNO,EA,TECHNO
98,1202160206,3.5,3.5,0,3.5,2.5,2,3,2,3.5,2,3,2,0,3,3,2.5,2,2.5,3.5,0,TECHNO,EIM,TECHNO
99,1202160210,3.5,3,0,0,3.5,3.5,1,3.5,4,2.5,3,3,3,3,3,3.5,2,3,2.5,0,EA,EDM,EDM
100,1202160212,3.5,3.5,0,3.5,3.5,2.5,3,3,3.5,2.5,3,3,3,3.5,4,3,3,3,2,0,EAD,EA,EAD
101,1202160214,4,4,0,4,3.5,4,3,2.5,4,4,3,2.5,3.5,4,4,3.5,3.5,3.5,4,0,EAD,EA,EAD
102,1202160215,4,4,0,3.5,3.5,3,4,4,4,3.5,3.5,3,4,4,3.5,3.5,3.5,4,4,0,ERP,EAD,ERP
103,1202160216,3,3.5,0,3.5,4,4,2.5,3.5,4,3.5,3,2.5,3.5,3.5,3,2,3,3.5,3.5,0,EIM,EAD,EIM
104,1202160217,0,0,0,0,0,0,0,3.5,3.5,0,3.5,3,0,0,0,0,0,0,0,0,0,0,
105,1202160218,0,0,0,0,0,0,0,4,3.5,0,3.5,3.5,0,0,0,0,0,0,0,0,0,0,
106,1202160219,0,0,0,0,0,0,0,2.5,3,0,3.5,2.5,0,0,0,0,0,0,0,0,0,0,
107,1202160222,4,3.5,0,3.5,3.5,3.5,4,4,4,2.5,3.5,2.5,3,4,4,3.5,3,2.5,4,0,EA,EDM,EAA
108,1202160227,0,0,0,0,0,0,0,2,3,0,3,2,0,0,0,0,0,0,0,0,0,0,
109,1202160229,4,3.5,0,3.5,3.5,3.5,2,2.5,2.5,3.5,3.5,3.5,3.5,3.5,4,3.5,3.5,3,2,0,TECHNO,EIM,TECHNO
110,1202160232,0,3.5,0,3,3,0,2.5,3.5,2.5,2,2.5,2,2.5,0,2,2.5,0,0,3,0,ISM,EDM,EDM
111,1202160234,2.5,3,0,3.5,3.5,3,3,3.5,3.5,3.5,2.5,2.5,4,3.5,3,3.5,3.5,3.5,3,0,EIM,TECHNO,EIM
112,1202160236,3.5,3,0,3.5,3.5,3.5,2.5,3,3,3.5,3,3.5,3.5,3.5,2.5,3.5,3.5,3.5,2.5,0,EA,EAD,EAD
113,1202160237,3.5,3.5,0,3.5,3.5,2.5,2.5,2,3.5,2.5,3,2,3.5,2.5,4,3.5,2,3.5,2.5,0,TECHNO,ISM,TECHNO
114,1202160240,2.5,3.5,0,3.5,3.5,2.5,2.5,1,3.5,3.5,3.5,2,3,3.5,2.5,3,3,4,4,0,EA,TECHNO,EA
115,1202160247,0,0,0,0,0,0,0,0,1,0,2.5,0,0,0,0,0,0,0,0,0,0,0,
116,1202160248,3.5,4,0,3.5,4,3,3.5,4,4,3.5,2.5,2,4,3.5,3,3.5,3.5,3.5,4,0,0,0,
117,1202160251,4,4,0,4,4,4,3.5,4,4,4,4,4,4,3.5,3.5,3.5,4,4,3.5,0,EIM,EDM,EIM
118,1202160253,4,3.5,0,4,4,4,3.5,4,4,4,3.5,3.5,3.5,3.5,4,3.5,4,3.5,3.5,0,TECHNO,EIM,TECHNO
119,1202160255,3,3.5,0,2.5,3.5,3.5,0,1,2.5,3,2,2,1,2,0,3.5,3.5,2.5,2,0,EAD,EIM,EAD
120,1202160256,3.5,4,0,4,3.5,3.5,3.5,4,3.5,2.5,3.5,3.5,3.5,4,4,3.5,3.5,4,3.5,0,ERP,EDM,ERP
121,1202160257,2,3,0,2,2,2,2.5,1,3.5,3,2.5,2,0,2.5,1,2.5,2,3,3,0,ISM,EAD,ISM
122,1202160258,3.5,3.5,0,4,4,4,4,3.5,4,3.5,3.5,3.5,4,4,3.5,3,3,4,3.5,0,EA,EAD,EAA
123,1202160262,3,2.5,0,0,3,2,0,2.5,2,2.5,2.5,3,2.5,2,3,2,2,2.5,2,0,0,0,
124,1202160264,4,4,0,4,3.5,3.5,3.5,2,4,3.5,4,3.5,3,3.5,4,4,3.5,4,4,0,ERP,EAD,ERP
125,1202160265,2.5,0,0,2,2.5,0,2,2,4,2,3.5,2,2,0,0,2.5,0,0,3,0,ISM,ISM,ISM
126,1202160266,3.5,3.5,0,3.5,4,4,2,3,3.5,3.5,3,2.5,3,3.5,2,2,3,3.5,3,0,EAD,ISM,EAD
127,1202160267,3,2.5,0,3.5,4,3.5,1,1,3.5,3,2.5,2.5,2.5,3.5,3,2.5,2.5,3.5,2.5,0,EAD,EIM,EAD
128,1202160268,3.5,3,0,3.5,3,3,2,2.5,3.5,3,2.5,3.5,3,3,3,3,2,3,3,0,ISM,EDM,ISM
129,1202160269,3.5,3,0,3.5,3.5,4,2,2,2.5,3,3,2.5,3,3.5,3,3.5,3,3.5,2.5,0,EAD,EA,EAD
130,1202160277,3.5,3.5,0,4,3.5,4,3.5,4,4,3.5,3.5,3,4,3.5,3.5,3,4,3.5,2.5,0,ERP,TECHNO,ERP
131,1202160278,2.5,2,0,3.5,3.5,2,1,1,2,3,2,1,2,2,3.5,2.5,2,2,2,0,ISM,EAD,ISM
132,1202160281,4,3.5,0,3.5,3.5,2.5,3,1,4,3,3.5,2.5,2.5,3.5,4,3.5,3,3.5,3.5,0,EA,EDM,EAA
133,1202160282,3.5,4,0,4,3.5,2.5,3.5,4,4,3,3.5,3,4,4,3.5,3,3,4,3.5,0,ERP,TECHNO,ERP
134,1202160283,4,4,0,3.5,4,4,3.5,4,4,4,3.5,2.5,3.5,3.5,3.5,2.5,3.5,3.5,3.5,0,TECHNO,EIM,TECHNO
135,1202160288,4,4,0,3.5,4,2.5,4,4,4,4,4,3.5,4,3.5,4,3.5,3.5,4,3.5,0,ERP,TECHNO,ERP
136,1202160292,3.5,3.5,0,3.5,4,3.5,4,3.5,4,3.5,3.5,3.5,3.5,4,3.5,3,3,3.5,3.5,0,EA,EDM,EAA
137,1202160293,4,3.5,0,4,4,4,4,4,4,4,4,4,4,3.5,3.5,3.5,4,4,3.5,0,EDM,ERP,EDM
138,1202160294,4,3.5,0,3.5,3.5,4,4,3,4,3.5,3.5,3,4,3.5,4,4,4,3.5,3.5,0,EAD,EA,EAD
139,1202160295,3,2.5,0,0,3,2.5,1,0,2,1,2.5,2,1,3,3,3,3.5,3,2,0,0,0,
140,1202160297,0,0,0,0,1,0,2,2,3,0,2,2,0,0,0,2,0,0,2,0,0,0,
141,1202160299,2.5,3.5,0,3,3.5,3.5,1,3.5,2.5,3,3,2.5,3,3.5,2.5,2,3,3.5,3,0,EIM,TECHNO,EIM
142,1202160300,2.5,3.5,0,3.5,4,3,1,2.5,3.5,3.5,3,3,3.5,3.5,3,1,3.5,3.5,2.5,0,0,0,
143,1202160303,4,4,0,4,3.5,4,4,4,4,4,4,3.5,3.5,3.5,4,3.5,4,3.5,3.5,0,ERP,EAD,ERP
144,1202160308,3.5,3,0,0,3.5,2,0,2.5,3.5,3,2.5,2.5,3,2.5,2,1,2,2,2,0,EAD,EIM,EAD
145,1202160313,2,0,0,3,0,1,2,2,1,0,3.5,2.5,2,2,2,2,2,1,3,0,ISM,EAD,ISM
146,1202160316,3.5,3,0,3.5,4,3.5,2.5,3,4,3,3.5,3,3,4,2.5,2,3.5,3,3.5,0,EIM,EIM,EIM
147,1202160320,3,3,0,2,3.5,3,3.5,3,3.5,2.5,3,3,3,3.5,2,2,2.5,3.5,3,0,TECHNO,ISM,TECHNO
148,1202160321,3.5,3,0,3.5,2,3.5,3,2.5,3.5,3.5,3.5,3,3,2.5,2.5,2.5,3.5,3,2.5,0,EAD,ERP,EAD
149,1202160322,3,3.5,0,3,3,3.5,1,3.5,2,2.5,3.5,2,2,3,3.5,3,3.5,3.5,2.5,0,ISM,TECHNO,ISM
150,1202160324,3.5,3.5,0,4,3.5,2.5,3,1,3.5,2,3.5,3,3.5,4,4,3.5,3,3.5,4,0,EA,EDM,EAA
151,1202160325,4,4,0,4,3.5,2,3.5,4,4,3,3.5,2.5,3.5,4,2.5,3.5,3.5,4,4,0,EA,EAD,EAA
152,1202160326,3.5,3.5,0,3.5,4,3.5,2,3.5,3,2.5,3.5,3.5,0,3.5,3.5,1,2.5,3.5,3.5,0,EDM,ISM,EDM
153,1202160327,2.5,2.5,0,3.5,3.5,3.5,0,1,2.5,3.5,3,2.5,3.5,3.5,3,2,2,3,2,0,EA,EDM,EDM
154,1202160330,2,1,0,0,3,1,1,2,3.5,1,2,2,2,0,0,2,2,0,2,0,0,0,
155,1202160332,4,3.5,0,4,3.5,2,3.5,2,3.5,3,3.5,2.5,2,4,3.5,3,2.5,3,3.5,0,EAD,EA,EAD
156,1202160333,3,3.5,0,3.5,3.5,2.5,3,2.5,3.5,2,3.5,2.5,3.5,0,2.5,3,2.5,3.5,3.5,0,ERP,TECHNO,ERP
157,1202160338,2,2.5,0,2,3,0,1,1,2.5,2,2.5,2,3,0,1,0,1,2,2,0,ISM,EDM,ISM
158,1202160339,3.5,3.5,0,3.5,3.5,3.5,2,3,3.5,2.5,3.5,2,2,3.5,4,3.5,3.5,3.5,2.5,0,ISM,EDM,ISM
159,1202160340,4,3.5,0,3.5,2,3.5,2.5,3.5,3.5,3.5,3.5,3,3,3.5,4,3.5,3.5,4,3.5,0,TECHNO,EA,TECHNO
160,1202160341,3.5,3.5,0,3.5,3.5,2.5,3.5,3,2.5,3,3.5,3,4,4,2.5,3,3,4,4,0,ERP,TECHNO,ERP
161,1202160342,2.5,3.5,0,3.5,3.5,3.5,3,3.5,3.5,2.5,3,2.5,3.5,3.5,2.5,2,2.5,2,3,0,EAD,EA,EAD
162,1202160347,1,0,0,0,0,0,0,2,1,1,3,1,0,0,0,2,1,0,0,0,0,0,
163,1202160352,0,0,0,0,0,0,0,0,0,0,0,0,0,0,0,0,0,0,0,0,0,0,
164,1202160353,3.5,3,0,3.5,4,3.5,3.5,4,3.5,3.5,3.5,3,3,3.5,3.5,3.5,3.5,3.5,3,0,EA,EAD,EAA
165,1202160354,0,0,0,0,0,0,0,1,2,0,0,0,0,0,0,0,0,0,0,0,0,0,
166,1202160355,1,0,0,0,0,0,0,1,1,1,2.5,1,0,0,0,2,1,0,0,0,0,0,
167,1202160357,0,0,0,0,0,0,0,0,0,0,1,0,0,0,0,0,0,0,0,0,0,0,
168,1202160358,3.5,3.5,0,3.5,3.5,3.5,2.5,3.5,3.5,3.5,2.5,3,3,3.5,3,1,3.5,2.5,3,0,EIM,EDM,EDM
169,1202160360,3.5,3,0,3.5,3.5,3.5,2,2.5,3.5,3.5,2.5,3,3.5,3,3.5,2.5,3,3.5,3,0,EDM,EA,EDM
170,1202160362,2.5,2,0,2,2.5,1,3,1,1,1,2,1,0,2,0,2,2,0,2,0,ISM,TECHNO,ISM
171,1202160365,4,3.5,0,3,2.5,3,3.5,3.5,3.5,3,3,2.5,3,4,3.5,3,3.5,3.5,3.5,0,ERP,ERP,ERP
172,1202160370,3,2.5,0,2,3,3.5,2,3,3.5,3.5,2.5,3,2.5,3.5,2,1,2,4,2.5,0,EA,EDM,EDM
173,1202160372,4,4,0,4,3.5,3.5,3.5,4,4,4,4,3.5,4,4,4,4,4,3.5,3,0,EDM,ISM,EDM
174,1202160375,2,3.5,0,3,3.5,2,2.5,3.5,2,0,2,2,0,3,2.5,2.5,2.5,2.5,3.5,0,EA,EDM,EDM
175,1202160380,4,2,0,3,2.5,4,1,2.5,4,2,3,3.5,2,0,1,2,2.5,0,3.5,0,EIM,EAD,EIM
176,1202160381,3,2.5,0,3.5,3,3.5,2,3.5,3.5,2,3.5,2.5,3.5,3,3.5,3.5,4,2.5,2,0,EAD,ISM,EAD
177,1202160382,4,3.5,0,3.5,3.5,3.5,4,4,4,3.5,4,3.5,3.5,3.5,3.5,4,4,3,3,0,EIM,EDM,EIM
178,1202160383,3.5,3.5,0,3.5,3.5,3,2,2,3.5,2,3.5,2.5,3.5,3.5,4,3,3,3.5,2,0,EA,EAD,EAA
179,1202160385,4,3.5,0,4,3.5,3.5,3.5,4,4,3.5,3.5,2.5,3.5,3.5,3.5,3,3,3.5,4,0,EDM,EA,EDM
180,1202160396,1,3,0,3,2,2.5,2,2,2.5,3,2,3,2,0,1,0,2,2,2.5,0,ISM,ISM,ISM
181,1202160398,3,2.5,0,2.5,2.5,2.5,1,2.5,3.5,2,2.5,3.5,1,2,2,3,2,2.5,2,0,ISM,TECHNO,ISM
182,1202160400,1,0,0,2,2,0,2,0,1,1,1,2,0,0,0,0,0,0,3.5,0,0,0,
183,1202161228,4,4,0,4,4,3.5,3.5,4,4,3.5,4,3.5,4,4,3.5,4,3,3.5,4,0,TECHNO,EA,TECHNO
184,1202162004,3,3.5,0,2,3.5,1,3,2.5,3.5,1,3.5,2,2,2.5,3.5,3.5,3,2.5,2.5,0,EIM,EDM,EIM
185,1202162006,3.5,4,0,4,3.5,3,3.5,4,3.5,2,3.5,2.5,4,3.5,3.5,3,3.5,4,4,0,ISM,EAD,ISM
186,1202162042,4,3.5,0,3.5,3.5,3.5,3,4,3,3,3.5,3.5,4,3.5,3.5,3.5,3.5,3.5,2.5,0,EAD,ERP,EAD
187,1202162097,3.5,3.5,0,3.5,3,3.5,2,2,3.5,3,2.5,3,3.5,2.5,2.5,3,3.5,1,3,0,TECHNO,EIM,TECHNO
188,1202162137,4,3.5,0,3.5,3.5,3.5,3.5,4,4,3.5,3,3.5,3.5,3.5,3.5,3.5,3.5,4,3.5,0,ISM,EDM,ISM
189,1202162144,3.5,3.5,0,3.5,4,4,3.5,4,4,3.5,4,3.5,4,4,4,2.5,4,4,3,0,EDM,EA,EDM
190,1202162175,4,4,0,4,3.5,2.5,3.5,4,4,3.5,3.5,3,4,4,3.5,4,4,4,4,0,EIM,EAD,EIM
191,1202162198,0,0,0,0,0,0,0,0,0,0,0,0,0,0,0,0,0,0,0,0,0,0,
192,1202162252,4,3.5,0,3.5,3.5,3.5,3.5,2,2.5,3,2.5,2.5,3,3.5,3.5,4,3.5,3,2.5,0,EA,EAD,EAA
193,1202162274,4,2,0,3,4,2.5,3,3.5,4,3.5,4,2.5,4,4,2.5,3,3.5,3.5,3.5,0,TECHNO,ERP,TECHNO
194,1202162310,3.5,3,0,3.5,3,3,2,2,3,3.5,3,3,3,3.5,3.5,3.5,3.5,3.5,2,0,EIM,EAD,EIM
195,1202162319,3,3.5,0,2,3.5,3,3.5,3,2.5,2.5,3.5,3,4,3.5,3.5,2,3.5,3.5,3,0,ERP,EDM,ERP
196,1202162336,4,3.5,0,3.5,3.5,3.5,1,3.5,4,4,2.5,3.5,1,3.5,3.5,3.5,3.5,3.5,3,0,ISM,TECHNO,ISM
197,1202162337,4,3.5,0,3,3.5,3.5,3,2.5,3,3.5,3.5,2.5,3.5,3,3.5,3,3.5,3.5,3,0,EDM,ERP,EDM
198,1202162343,4,4,0,4,4,4,4,4,4,4,4,4,4,4,4,3.5,4,4,4,0,TECHNO,EA,TECHNO
199,1202162356,3.5,3,0,3.5,2.5,3,2,1,3.5,2,2.5,2,0,3,3,3,3,2.5,3.5,0,EIM,EAD,EIM
200,1202162369,3,3,0,0,3,3,1,3.5,2.5,2,3,2.5,2,2.5,1,2,2.5,3.5,2.5,0,TECHNO,ISM,TECHNO
201,1202162376,3,3,0,2.5,3.5,3.5,3,3,3.5,2.5,3.5,3,3.5,3.5,2.5,2,3.5,4,2.5,0,ERP,EDM,ERP
202,1202162378,3,2.5,0,1,3,3,2,3,3,2,2.5,3.5,3.5,3.5,2,2,3,3.5,2,0,ERP,EDM,ERP
203,1202162384,3.5,3.5,0,3.5,2.5,2,3,4,4,2.5,3.5,3,2,4,4,3,0,3.5,3.5,0,EA,EDM,EAA
204,1202162386,2.5,3.5,0,2.5,3,1,1,2,3,2,2,2,2.5,3.5,3.5,2,2,3.5,2,0,EIM,EDM,EDM
205,1202162389,3.5,3.5,0,3.5,3.5,3.5,2,3,3.5,3,3,3.5,2.5,3,3.5,2,2.5,1,3,0,ERP,EDM,ERP
206,1202163018,4,3.5,0,3.5,3.5,3.5,4,4,3.5,3.5,3.5,3.5,4,3.5,4,3.5,4,3.5,3.5,0,EAD,EA,EAD
207,1202163060,3,3.5,0,2.5,3.5,2.5,1,2,3.5,2,3.5,2,0,2.5,3.5,3,2,2.5,2,0,ISM,EDM,ISM
208,1202163099,3,3.5,0,3.5,3.5,3,2,2,2,2,2.5,2.5,3,3.5,3.5,2,3,3,2,0,ERP,EDM,ERP
209,1202163104,2.5,3.5,0,3.5,4,3.5,0,2,3,3.5,3,2.5,4,3.5,3.5,2,2.5,3.5,2.5,0,EA,EDM,EAA
210,1202163115,3.5,3.5,0,3.5,3.5,4,2.5,3,3,3,2.5,2,3.5,3.5,4,3.5,4,3.5,2.5,0,EIM,TECHNO,EIM
211,1202163119,3.5,3.5,0,3.5,3.5,4,1,3.5,4,3.5,3.5,2.5,3.5,3.5,3.5,2.5,3.5,3.5,3.5,0,TECHNO,EIM,TECHNO
212,1202163163,4,3.5,0,3.5,3.5,3.5,3.5,4,3.5,3,3.5,3,4,3.5,4,3.5,3.5,3.5,2.5,0,EA,EDM,EAA
213,1202163170,3,3.5,0,3.5,3.5,2.5,2,3,3.5,2.5,2,3,3,3,3,3.5,3,2,2.5,0,ISM,TECHNO,ISM
214,1202163220,0,0,0,0,3,0,0,0,1,0,3.5,3,0,0,0,0,0,0,2,0,0,0,
215,1202163239,4,3.5,0,2.5,2.5,3,3.5,3,3.5,2.5,3,2.5,2,3.5,3,3,3,3,3.5,0,ERP,EDM,ERP
216,1202163246,4,3.5,0,3,3.5,3.5,3,3.5,4,2,3.5,2,3,3.5,4,3.5,3.5,3.5,3,0,TECHNO,ISM,TECHNO
217,1202163259,3.5,3.5,0,4,4,3.5,3.5,4,4,4,3.5,2.5,4,4,3.5,4,4,3.5,3.5,0,EIM,EAD,EIM
218,1202163291,3,3,0,2.5,1,0,1,2.5,2.5,2,3.5,2.5,2,2.5,1,1,0,2,3,0,ISM,EAD,ISM
219,1202163296,3.5,3.5,0,3,3.5,2,3.5,3.5,3.5,2,3.5,2.5,2.5,3,4,3.5,3.5,3,2,0,EA,EDM,EAA
220,1202163401,0,0,0,0,0,0,0,0,0,0,0,0,0,0,0,0,0,0,3.5,0,0,0,
221,1202163402,0,0,0,0,0,0,0,0,0,0,0,0,0,0,0,0,0,0,3.5,0,0,0,
222,1202164001,4,3.5,0,3.5,4,3.5,3,3.5,4,3.5,3.5,3.5,3.5,3,4,3.5,3.5,3.5,3.5,0,ISM,EDM,ISM
223,1202164003,2,3,0,3,3.5,2.5,2,2,2,2,2.5,2,2,2.5,3,2.5,3.5,3.5,2,0,EIM,EAD,EIM
224,1202164005,4,3.5,0,3.5,3,2,3.5,2,3.5,2,3,2,2.5,3,4,3.5,2.5,3,3.5,0,EIM,TECHNO,EIM
225,1202164007,3.5,3.5,3.5,3.5,4,3.5,1,3.5,3.5,3.5,3,3.5,3.5,4,3.5,3.5,3.5,3,3.5,0,EIM,EDM,EIM
226,1202164008,0,0,0,0,0,0,0,0,0,0,0,0,0,0,0,0,0,0,0,0,0,0,
227,1202164012,3.5,3.5,3.5,3.5,3.5,3.5,2.5,3.5,3.5,3,3.5,2.5,3.5,3.5,4,3.5,4,3,2.5,0,ISM,EDM,ISM
228,1202164014,3.5,3.5,2,3.5,3.5,2,3.5,3,3.5,3,3,2,4,3.5,2.5,2.5,2.5,3.5,3.5,0,TECHNO,ISM,TECHNO
229,1202164016,4,3,4,3.5,4,4,3.5,2.5,4,3.5,2.5,3,3.5,3.5,3,1,3.5,3.5,3,0,EAD,EIM,EAD
230,1202164017,3.5,3,3,2.5,3.5,3,1,2.5,3.5,2.5,2,3,3,2.5,3,2,3,2.5,3.5,0,EDM,EIM,EDM
231,1202164021,3.5,3.5,2.5,3.5,3.5,2.5,3.5,3,3.5,2.5,3.5,3.5,2.5,3.5,3.5,3,2,3,4,0,EAD,EA,EAD
232,1202164022,0,0,0,0,0,0,2,2,0,0,3,0,0,0,0,0,0,0,2,0,0,0,
233,1202164025,3.5,3,3.5,3.5,3.5,3.5,2,3.5,3.5,3,3,3.5,3.5,3,3.5,3.5,4,3.5,3.5,0,EIM,EDM,EIM
234,1202164026,0,0,0,0,0,0,0,0,0,0,0,0,0,0,0,0,0,0,0,0,0,0,
235,1202164027,3.5,3,3.5,3.5,3.5,3.5,3.5,3.5,2,3,2.5,2.5,3.5,3.5,4,3,3.5,3,2.5,0,ISM,EAD,ISM
236,1202164029,3.5,3.5,3,3.5,3.5,3,3,2.5,4,2.5,3,2,3,4,4,3.5,3,2.5,3.5,0,EIM,EAD,EIM
237,1202164031,3,3.5,3.5,3.5,4,3.5,4,4,4,3.5,3.5,3,3.5,4,3.5,2,4,3,3.5,0,EIM,EIM,EIM
238,1202164032,4,3,4,3.5,4,4,2,3.5,4,3.5,4,3.5,3.5,3.5,3.5,2.5,4,3.5,3.5,0,TECHNO,ERP,TECHNO
239,1202164033,2.5,3,3.5,3,2.5,3.5,0,2,3,2.5,2,3,0,2.5,2.5,3,2,1,3,0,0,0,
240,1202164035,2.5,3,2,0,3,2,2.5,2,2,2.5,2.5,2,2,2.5,3,2.5,2,2.5,2,0,ISM,EAD,ISM
241,1202164037,3.5,1,2,3.5,3,2,2,2,3.5,2.5,3.5,2,3,3.5,3.5,3,2,3.5,3.5,0,EA,TECHNO,EA
242,1202164038,3,3.5,2.5,3.5,3.5,2.5,3.5,3,3.5,3.5,3.5,2,4,3.5,3,3,2.5,3.5,3.5,0,EA,EDM,EAA
243,1202164039,4,4,3.5,4,4,3.5,4,4,4,3.5,3.5,3.5,4,4,3.5,4,3.5,3.5,3.5,0,EIM,EDM,EIM
244,1202164040,3,3.5,3.5,3.5,4,3.5,2.5,3.5,4,3,4,3.5,4,3.5,3,2.5,3,3.5,2.5,0,EA,EAD,EAA
245,1202164049,0,0,0,0,0,0,0,1,3,0,2,2.5,0,0,0,0,0,0,0,0,0,0,
246,1202164056,2.5,3,3.5,3.5,3.5,3.5,2.5,2.5,3,3.5,2.5,3.5,4,3.5,3,2.5,2.5,3.5,2.5,0,EA,EDM,EDM
247,1202164058,4,3.5,4,3.5,4,4,2.5,3.5,4,4,4,3.5,2.5,3.5,4,4,4,3.5,4,0,TECHNO,EIM,TECHNO
248,1202164064,2,2.5,3,3.5,3.5,3,0,1,3.5,1,2.5,2.5,3.5,3.5,2,1,2,3,2,0,EA,EDM,EDM
249,1202164065,3.5,3.5,3.5,3.5,3.5,3.5,2,3.5,3.5,3,3,2.5,3.5,3.5,3.5,3.5,3.5,3.5,3.5,0,ERP,EDM,ERP
250,1202164068,3,3.5,3.5,2.5,3,3.5,2,2.5,4,2.5,3,1,2.5,3.5,4,3,3,2.5,2,0,ISM,EDM,ISM
251,1202164069,2.5,3,2,3.5,2.5,2,2.5,2,3.5,2,2.5,1,1,3,3.5,2.5,2,2,3.5,0,EAD,ERP,EAD
252,1202164071,3,3.5,3.5,3.5,3.5,3.5,2,2.5,3.5,3.5,3,2.5,3.5,3.5,2.5,1,2,3,3,0,ISM,EAD,ISM
253,1202164072,4,3.5,4,3.5,4,4,4,3.5,4,3.5,3.5,3.5,3.5,4,3.5,2,4,3.5,3,0,EDM,ISM,EDM
254,1202164073,3.5,3.5,3.5,3,3.5,3.5,2.5,2,4,2.5,3.5,3.5,3.5,3,3.5,2.5,2.5,3.5,2.5,0,ISM,EDM,ISM
255,1202164075,0,1,0,1,2,0,0,2,2,0,2,2,0,0,0,0,0,0,0,0,0,0,
256,1202164077,3.5,3.5,3,3.5,3.5,3,3.5,3.5,4,2.5,3,2.5,3.5,3.5,4,3.5,3.5,3.5,4,0,EDM,ERP,EDM
257,1202164078,0,2,2,3.5,3,2,2,1,2,2.5,2.5,1,0,2,1,2.5,2,2,3,0,ISM,EDM,ISM
258,1202164079,2.5,3.5,3,3.5,3.5,3,2,2.5,3,3,3,2.5,3.5,3.5,2,2,2,3,3,0,ERP,ERP,ERP
259,1202164081,3.5,3.5,3.5,3.5,3.5,3.5,2.5,3,3.5,2.5,2.5,3.5,3.5,3.5,3,3.5,3,3.5,3,0,EA,EDM,EAA
260,1202164085,4,3.5,4,3.5,3.5,4,3.5,3.5,4,4,3.5,2,3.5,3.5,4,4,4,3,4,0,TECHNO,EIM,TECHNO
261,1202164087,4,4,4,3.5,4,4,3.5,4,4,4,4,3.5,4,4,3.5,4,4,4,4,0,EIM,EDM,EIM
262,1202164090,3.5,3,3.5,3,3.5,3.5,2.5,3,3.5,3,3.5,3,4,2.5,3,3,3,2.5,2.5,0,EA,EAD,EAD
263,1202164091,3,3.5,3,2.5,3.5,3,1,2,2.5,2,3,1,2.5,3,3.5,2.5,3.5,3,2,0,ISM,EAD,ISM
264,1202164092,4,4,3.5,3.5,4,3.5,3.5,4,4,3,3.5,2,3.5,3.5,4,4,4,3,3.5,0,EIM,TECHNO,EIM
265,1202164094,2,3,1,3,3,1,2.5,3.5,2,2,3,1,0,2,2,2.5,2,1,3.5,0,ISM,EDM,ISM
266,1202164100,0,0,0,0,0,0,0,2,0,0,3.5,0,0,0,0,0,0,0,0,0,0,0,
267,1202164102,3,2.5,0,2,3,0,2,3.5,2,0,2.5,0,0,0,0,3,0,0,3.5,0,0,0,
268,1202164106,3.5,2.5,3.5,3,3,3.5,2,1,2.5,2.5,2.5,2,2.5,3,3.5,3,2.5,2,2,0,EDM,EA,EDM
269,1202164108,0,0,0,0,0,0,0,1,0,0,3.5,0,0,0,0,0,0,0,0,0,0,0,
270,1202164109,3,3.5,2,3,2.5,2,3,1,3,2.5,3,1,2,3.5,2.5,2,2,2.5,3,0,ERP,EAD,ERP
271,1202164113,4,4,3.5,3.5,4,3.5,4,4,4,3.5,3.5,3.5,4,4,3.5,3.5,3.5,4,3.5,0,EA,TECHNO,EAA
272,1202164114,3.5,3.5,3.5,3.5,4,3.5,3,4,3.5,3,3.5,3.5,4,3.5,3.5,3,4,3,2.5,0,EA,EAD,EAA
273,1202164116,3.5,3.5,3.5,2,3.5,3.5,2,3.5,3.5,2.5,3,2,2.5,3,3.5,3.5,3,2.5,2,0,ISM,EDM,ISM
274,1202164121,4,3.5,4,3.5,3.5,4,3.5,3.5,4,2.5,3.5,3.5,4,4,3.5,4,4,3.5,4,0,EIM,TECHNO,EIM
275,1202164122,3.5,3.5,4,3.5,3.5,4,3.5,3.5,3.5,4,4,3.5,4,4,4,3,4,4,3,0,EDM,ERP,EDM
276,1202164123,4,4,2.5,4,3.5,2.5,3,2,4,3,2,3.5,2.5,3.5,4,4,3.5,4,3,0,EA,TECHNO,EAA
277,1202164125,4,3.5,3.5,3.5,3.5,3.5,4,4,4,3.5,3.5,2.5,4,4,4,3.5,3,3.5,4,0,ERP,EDM,ERP
278,1202164128,2.5,3,3.5,3.5,4,3.5,1,3,3.5,3,3,2.5,3.5,4,2,2,2,3.5,3,0,EA,EDM,EDM
279,1202164129,4,3.5,4,4,3.5,4,3.5,4,4,3.5,4,4,4,3.5,4,4,4,4,4,0,EDM,EIM,EDM
280,1202164131,4,3.5,3.5,3.5,3.5,3.5,3.5,4,4,3,3.5,2,4,3.5,4,3.5,3,3.5,3,0,EA,TECHNO,EAA
281,1202164136,3.5,3.5,3.5,3.5,4,3.5,3.5,4,4,3.5,3.5,2.5,4,4,3.5,2,3.5,3.5,2.5,0,TECHNO,ERP,TECHNO
282,1202164139,3.5,3.5,3.5,3,3.5,3.5,1,2,3.5,2,2.5,2,2,3,4,3,2,3.5,2,0,ISM,TECHNO,ISM
283,1202164140,4,4,4,3,4,4,2.5,3.5,3.5,3,4,2.5,3.5,3.5,4,3.5,4,3.5,3.5,0,EDM,EDM,EDM
284,1202164142,3.5,3.5,3,4,3.5,3,3.5,4,4,3.5,3.5,3,4,3.5,3.5,3.5,3.5,4,4,0,EDM,ISM,EDM
285,1202164143,3.5,4,4,4,4,4,4,4,4,3.5,3.5,3,4,4,3.5,2,3,3.5,3.5,0,ISM,EAD,ISM
286,1202164146,4,3.5,4,4,4,4,3.5,3.5,3.5,4,4,3.5,3.5,3.5,4,3.5,4,4,3,0,TECHNO,EIM,TECHNO
287,1202164147,3.5,3.5,2,3.5,3.5,2,3,3,3.5,2,2.5,2,2,2.5,4,2.5,2.5,3,2,0,ISM,EAD,ISM
288,1202164149,3,3.5,2.5,3.5,3.5,2.5,3.5,2,3.5,2.5,3.5,2,2.5,4,4,2.5,2.5,3.5,3.5,0,EA,EDM,EAA
289,1202164150,3.5,4,3.5,4,3.5,3.5,3,2.5,4,3.5,4,3.5,4,3.5,3.5,3.5,3.5,4,4,0,EDM,EIM,EDM
290,1202164152,0,3,2.5,3,3.5,2.5,1,2,3.5,2,2.5,2.5,2.5,3,2,2,1,3,2.5,0,EIM,EDM,EDM
291,1202164156,4,4,4,3,4,4,3.5,4,4,4,4,2.5,4,3.5,4,3.5,4,4,3.5,0,EDM,EIM,EDM
292,1202164157,3.5,3,3.5,3.5,3.5,3.5,2.5,2,4,2.5,3,2,2,3,3.5,3.5,2,3,4,0,EDM,ISM,EDM
293,1202164158,3,4,2.5,3.5,3.5,2.5,2.5,3,4,3.5,3.5,2,3,2,3,3.5,3.5,3.5,4,0,EIM,EAD,EIM
294,1202164159,1,2,2,3.5,3.5,2,0,2.5,2.5,2,3.5,2,2,0,1,0,2,3,3,0,ISM,ISM,ISM
295,1202164161,3.5,3.5,3.5,3.5,3.5,3.5,3,3,3.5,3.5,3,3.5,3.5,2.5,3.5,3.5,3,3,3.5,0,ERP,EDM,ERP
296,1202164162,3,3,2,0,3,2,2,2,2,2.5,2.5,2,0,0,2,2,2,2,2,0,EA,EAD,EAD
297,1202164164,0,0,0,0,0,0,0,3,2,0,3.5,0,0,0,0,0,0,0,0,0,0,0,
298,1202164165,4,4,3.5,3.5,3.5,3.5,4,3.5,3.5,3,4,3.5,4,3.5,3.5,3,3.5,4,3.5,0,ISM,EDM,ISM
299,1202164166,2,3.5,2,3.5,2.5,2,3.5,3,4,2.5,3,2,1,3,4,2.5,2.5,2.5,3.5,0,ISM,EDM,ISM
300,1202164168,3.5,3.5,3.5,3.5,4,3.5,2,2,3.5,3.5,3,2.5,3.5,3.5,2.5,2.5,3,3.5,3,0,EIM,EDM,EIM
301,1202164172,4,4,4,4,4,4,4,4,4,2.5,4,2,4,4,4,4,4,4,3.5,0,ERP,EDM,ERP
302,1202164174,4,3.5,3,3.5,3,3,2,2,3.5,2,3,2.5,2,3,2,3,2,2.5,3.5,0,TECHNO,ISM,TECHNO
303,1202164176,3,3,3.5,3.5,3.5,3.5,2,3.5,3.5,2,3,2.5,3.5,3.5,2.5,1,3.5,3.5,2.5,0,ISM,EAD,ISM
304,1202164177,3,3.5,3.5,3.5,4,3.5,4,4,4,3.5,4,3.5,4,4,3.5,2,3.5,3.5,2.5,0,ERP,TECHNO,ERP
305,1202164181,2.5,3.5,2,0,3.5,2,1,1,1,2.5,3.5,2,0,2.5,0,0,2.5,0,2,0,ISM,TECHNO,ISM
306,1202164187,3,3.5,3.5,3,3.5,3.5,1,2,2,2.5,2,2.5,3.5,3,3.5,3.5,3.5,2.5,2,0,EDM,ERP,EDM
307,1202164188,3.5,3.5,2,3.5,3.5,2,3,3,2.5,2,3.5,2,3.5,2.5,4,3,3,3.5,2.5,0,ISM,EAD,ISM
308,1202164189,3.5,3.5,2.5,3,3.5,2.5,2.5,3.5,4,2.5,3.5,2.5,3.5,3,4,3,3.5,3,3,0,TECHNO,EIM,TECHNO
309,1202164193,4,3.5,4,4,4,4,4,4,4,4,4,4,4,4,3.5,3,4,4,4,0,ERP,EDM,ERP
310,1202164194,4,3,3.5,3.5,3.5,3.5,2,3.5,3.5,3.5,3,4,3.5,2.5,3.5,3.5,4,3.5,4,0,EIM,EAD,EIM
311,1202164199,0,0,0,0,0,0,0,3.5,2,0,3.5,2,0,0,0,0,0,0,0,0,0,0,
312,1202164201,3.5,3,4,3,4,4,3.5,4,4,3.5,3,3,3.5,4,3,2,3,3.5,3,0,EA,EDM,EAA
313,1202164203,3.5,3.5,3.5,4,3.5,3.5,4,4,4,3.5,4,3.5,4,3.5,4,2.5,3.5,4,2.5,0,EA,EAD,EAA
314,1202164204,4,3.5,4,3.5,3.5,4,3.5,4,4,3,3.5,2.5,3.5,3.5,4,3,3.5,3,2,0,TECHNO,EA,TECHNO
315,1202164207,4,3.5,4,4,3.5,4,3,4,4,4,4,2,3.5,3.5,3.5,3.5,4,3.5,4,0,EDM,EIM,EDM
316,1202164208,2,1,0,3.5,2,0,1,2.5,3.5,2,2,2.5,3,0,2,1,0,0,2.5,0,ISM,EAD,EAD
317,1202164209,2,2,3.5,3.5,3.5,3.5,0,1,3.5,2,2.5,2.5,2.5,3,2,1,1,2.5,2,0,EAD,ERP,EAD
318,1202164211,2.5,2,3.5,3,3,3.5,2,2,2.5,2,2.5,2.5,3.5,3,2.5,3,3,2,2,0,EDM,EA,EDM
319,1202164213,4,4,4,3.5,3.5,4,3.5,4,4,4,3.5,3.5,3.5,3.5,4,4,4,4,3.5,0,TECHNO,EA,TECHNO
320,1202164221,3.5,3,2,2.5,3,2,2,1,3.5,2,3,2,2,2.5,2,2,2,2,2,0,ISM,ISM,ISM
321,1202164223,3.5,3.5,3,4,3.5,3,3.5,3.5,4,3.5,4,2.5,3.5,3.5,3,3.5,3.5,4,4,0,EIM,EDM,EIM
322,1202164224,3.5,3.5,4,3.5,4,4,3.5,4,4,3,3.5,2.5,4,4,3.5,3,3.5,3.5,3.5,0,EAD,ERP,EAD
323,1202164225,4,3,3.5,4,4,3.5,3.5,3.5,4,3,4,3.5,4,4,3.5,2.5,4,3.5,3,0,EIM,EAD,EIM
324,1202164226,3,0,0,0,0,0,2,3,2.5,0,2,2,0,0,0,0,0,0,2.5,0,0,0,
325,1202164230,3,3.5,3.5,3.5,3.5,3.5,3,3.5,3.5,3,3.5,2,3,3.5,4,3,3.5,3,2.5,0,TECHNO,ISM,TECHNO
326,1202164231,2,2,0,2,0,0,3,1,1,1,3,1,0,2,0,2,2,0,2,0,EIM,EAD,EAD
327,1202164233,3,3,3,3.5,4,3,1,3.5,3.5,3.5,3,2.5,3.5,3.5,3,1,2.5,3,3,0,ERP,EAD,ERP
328,1202164235,3.5,3,2,0,2.5,2,0,1,3.5,2,2.5,2.5,2,2,2.5,3,2.5,2,2.5,0,ISM,TECHNO,ISM
329,1202164238,4,3,2.5,3.5,3.5,2.5,2,2.5,3.5,2.5,3.5,2.5,3,3,4,2.5,3,3.5,2.5,0,ISM,TECHNO,ISM
330,1202164241,3,3.5,4,3,3.5,4,3.5,4,4,3.5,3,3,3.5,4,3,2.5,3.5,3.5,3,0,EA,TECHNO,EAA
331,1202164242,3.5,3.5,3.5,4,4,3.5,3.5,3.5,4,3.5,3,3,3,4,3.5,2,3.5,3.5,2.5,0,EA,EDM,EAA
332,1202164243,3,3,3.5,3.5,3.5,3.5,2.5,2,3.5,2.5,2.5,3,3,2.5,3,2,3,3.5,3,0,ISM,EDM,ISM
333,1202164244,3,3.5,3.5,3.5,4,3.5,2,2.5,3.5,3,3,3,3.5,3.5,3.5,3,3.5,3,2,0,EA,EDM,EAA
334,1202164245,4,3.5,4,4,3.5,4,4,4,3.5,3.5,4,2.5,4,4,4,3.5,4,3,3,0,TECHNO,ISM,TECHNO
335,1202164249,2.5,3.5,3.5,4,3.5,3.5,1,3,3.5,3,3.5,2.5,3.5,4,3,2,3.5,4,3.5,0,EA,TECHNO,EAA
336,1202164250,3.5,3.5,3,2,4,3,1,3.5,3.5,1,3,2.5,3.5,4,0,2,2.5,3.5,1,0,0,0,
337,1202164254,2.5,3.5,3,2,3,3,3.5,2.5,3.5,2.5,2,3,2.5,3.5,3,2,2.5,3.5,2,0,ERP,TECHNO,ERP
338,1202164260,4,3.5,4,3.5,4,4,3.5,3.5,3.5,3.5,3.5,3.5,3.5,3.5,3.5,3.5,4,3,3.5,0,EDM,EIM,EDM
339,1202164261,3.5,3.5,3.5,3.5,4,3.5,3,2.5,4,2,3,3.5,3.5,3.5,4,3,3.5,3,2.5,0,ERP,EDM,ERP
340,1202164263,3.5,3.5,2.5,4,3.5,2.5,2,2.5,3.5,3.5,3.5,2,3.5,3,3.5,2,2.5,3,2,0,ISM,EDM,ISM
341,1202164270,3.5,3,2,4,3.5,2,3,2.5,3,2.5,3.5,2,3,2.5,4,3,3.5,3,2,0,ERP,EDM,ERP
342,1202164271,3.5,3,2,2.5,3,2,1,1,3,2,3.5,1,0,0,3.5,2,2,0,1,0,ISM,EDM,ISM
343,1202164272,4,3.5,2,3.5,3,2,2,1,3,2,2.5,2,0,3.5,3,2,2,2.5,3,0,EA,EDM,EDM
344,1202164273,4,4,3.5,4,3.5,3.5,3.5,4,3.5,4,3.5,3,3.5,3.5,2.5,4,3,3.5,4,0,EAD,ISM,EAD
345,1202164275,2,3,3.5,3.5,3.5,3.5,0,1,3.5,3,2.5,2.5,3,3,2,2,2,3.5,2,0,EA,TECHNO,EA
346,1202164276,4,3.5,3.5,3.5,3.5,3.5,3.5,3.5,3.5,3,3.5,3.5,3.5,3,3.5,3.5,3,4,3.5,0,TECHNO,ISM,TECHNO
347,1202164279,2.5,3,3,3,3.5,3,2,3,3,2.5,2,2.5,3.5,3.5,3,2,2.5,3.5,2,0,ERP,EDM,ERP
348,1202164280,3,3,1,2,3,1,1,2,2.5,0,3,1,0,2.5,2.5,2,2,2.5,1,0,EDM,ISM,EDM
349,1202164284,3.5,3.5,3.5,3.5,3.5,3.5,2.5,3.5,4,0,4,3.5,3.5,3.5,3.5,2.5,4,4,3.5,0,EIM,TECHNO,EIM
350,1202164285,3,3.5,3.5,4,3.5,3.5,1,2.5,3.5,0,2.5,3,2.5,3,3,3,3,4,3,0,EDM,EA,EDM
351,1202164286,3,3.5,3.5,3,3.5,3.5,2.5,3.5,3,0,3.5,2,4,3.5,3.5,3.5,3,3.5,2.5,0,ERP,EAD,ERP
352,1202164287,4,3.5,2.5,3.5,3.5,2.5,2.5,4,3.5,0,3.5,3.5,4,3,4,3.5,3.5,3,2.5,0,ERP,EAD,ERP
353,1202164289,4,3.5,3,3.5,3.5,3,3.5,3,4,0,3,2.5,3,4,4,3,2,3.5,4,0,EAD,EA,EAD
354,1202164290,3.5,4,3.5,3.5,4,3.5,3.5,4,4,0,3.5,3,4,3.5,3,3,3,3.5,3.5,0,EDM,EDM,EDM
355,1202164298,0,0,0,0,0,0,0,1,0,0,1,1,0,0,0,0,0,0,0,0,0,0,
356,1202164301,3.5,3.5,3,4,3,3,2,2,3.5,0,2,3,3,3,3.5,3.5,3.5,3,3.5,0,EDM,EIM,EDM
357,1202164302,3.5,2.5,3,3.5,3.5,3,1,2,2.5,0,2.5,2,2,3,3,3.5,2.5,2,2,0,EDM,EA,EDM
358,1202164304,3.5,3.5,2.5,3.5,3.5,2.5,2,2.5,3.5,0,4,2,3.5,3,4,3.5,3,4,3.5,0,EIM,TECHNO,EIM
359,1202164305,4,3.5,0,3.5,3,0,2.5,2,3.5,0,3.5,2.5,0,0,4,3.5,0,0,2.5,0,EDM,EDM,EDM
360,1202164306,4,4,4,4,4,4,4,4,4,0,4,3,4,4,3.5,4,3.5,3.5,4,0,EA,EAD,EAA
361,1202164307,2.5,3.5,3.5,3.5,3.5,3.5,2,2.5,3.5,0,3,2.5,3.5,3.5,2.5,2,3,3,3.5,0,EAD,EIM,EAD
362,1202164309,0,0,0,0,0,0,0,3.5,0,0,2.5,0,0,0,0,0,0,0,0,0,0,0,
363,1202164311,2,2.5,0,0,3,0,1,2,2,0,2,2,0,0,0,0,0,0,0,0,0,0,
364,1202164312,4,3.5,4,2.5,3.5,4,2.5,4,3.5,0,3.5,2,2.5,3,4,3.5,3.5,2.5,2.5,0,TECHNO,EA,TECHNO
365,1202164314,3.5,3.5,3.5,3.5,3.5,3.5,4,3.5,3.5,0,3.5,3,4,4,3.5,2.5,4,4,3,0,EIM,EAD,EIM
366,1202164315,4,4,3.5,4,3.5,3.5,4,4,3.5,0,3.5,2.5,4,3.5,3.5,3.5,3,3.5,4,0,EDM,EA,EDM
367,1202164317,1,0,0,2,0,0,0,2.5,2.5,0,2.5,3,2.5,2,0,0,0,0,0,0,ERP,ERP,ERP
368,1202164318,0,0,0,0,0,0,0,2,3,0,2,2,0,0,0,0,0,0,0,0,0,0,
369,1202164323,4,4,4,3.5,4,4,3.5,3,4,0,4,3,4,4,4,4,4,4,4,0,ERP,TECHNO,ERP
370,1202164328,3.5,3.5,4,3.5,3.5,4,2,2.5,3.5,0,3,3.5,3.5,3.5,3.5,3.5,4,3.5,3.5,0,ISM,EDM,ISM
371,1202164329,3.5,3.5,3.5,4,3,3.5,2,2.5,3.5,0,3.5,2.5,2,3,3.5,3,3.5,3,2.5,0,TECHNO,EA,TECHNO
372,1202164331,4,4,4,3,4,4,3,4,4,0,4,3,4,4,4,3.5,3.5,3.5,3.5,0,ERP,EDM,ERP
373,1202164334,3,3.5,3.5,3.5,4,3.5,1,2,3.5,0,2.5,2.5,3.5,4,3,2,3,3.5,3.5,0,EIM,EDM,EIM
374,1202164335,3.5,3,3.5,3.5,4,3.5,2.5,4,4,0,3.5,3,4,4,3.5,2,3,3.5,3,0,EA,EDM,EAA
375,1202164344,3,0,3,0,3,3,0,2,1,0,2,3.5,0,0,2.5,3.5,2,2,3,0,0,0,
376,1202164345,3,2.5,3.5,3.5,3.5,3.5,2,2.5,2,0,3.5,3.5,0,2.5,3,3.5,3.5,3,2,0,EIM,EAD,EIM
377,1202164346,3.5,0,0,0,3,0,1,0,1,0,2,2,2,0,2.5,2.5,2.5,0,2,0,0,0,
378,1202164348,3,3,2,3.5,2,2,3,1,3.5,0,3,1,0,2.5,0,2.5,2,2.5,3.5,0,EIM,EAD,EIM
379,1202164349,2,3.5,2,3.5,3.5,2,2,2,3.5,0,2.5,1,0,3,2,3.5,2.5,3,3.5,0,EIM,TECHNO,EIM
380,1202164350,3.5,3.5,3.5,4,4,3.5,3,2,4,0,3.5,3.5,3.5,4,3,2,3.5,3.5,3.5,0,ISM,EAD,ISM
381,1202164351,2.5,2.5,3,3.5,3.5,3,0,2,3,0,2,2,2.5,3,1,1,2,2.5,2,0,ERP,ERP,ERP
382,1202164359,3.5,3.5,3.5,3.5,4,3.5,1,2,3.5,0,3,3,3.5,4,3,2,2.5,4,2.5,0,EA,EAD,EAA
383,1202164361,0,0,0,0,0,0,0,1,3.5,0,3.5,2.5,0,0,0,0,0,0,0,0,0,0,
384,1202164363,3,3.5,3.5,3.5,3.5,3.5,4,4,3.5,0,4,3.5,4,3.5,3.5,3,3.5,4,2,0,ERP,EDM,ERP
385,1202164364,4,3.5,4,4,4,4,3,2.5,4,0,4,2,3,3.5,3.5,3.5,3.5,2.5,2.5,0,EDM,EA,EDM
386,1202164366,2.5,3.5,2,3,3,2,2.5,3,2,0,2.5,2,3,3,2,3,2,3,3.5,0,ISM,TECHNO,ISM
387,1202164367,2.5,3.5,3,4,4,3,2.5,2,3,0,2.5,2.5,3,3.5,2,1,2,3.5,2.5,0,ISM,EAD,ISM
388,1202164368,4,3.5,3.5,4,4,3.5,4,4,4,0,3.5,3.5,4,4,3.5,2.5,4,4,4,0,ISM,EDM,ISM
389,1202164371,3.5,3.5,3.5,3.5,2.5,3.5,2.5,3.5,4,0,3.5,4,3.5,3,2,3,3.5,4,2,0,ERP,EAD,ERP
390,1202164373,2,3,0,3,3.5,0,1,2,3,0,3.5,2,0,2,2.5,3,2.5,2,2,0,EIM,EDM,EDM
391,1202164374,3.5,3.5,3.5,3.5,3.5,3.5,3.5,3,3.5,0,3,2,3,4,3.5,3,3.5,3.5,4,0,ERP,EDM,ERP
392,1202164377,2,0,2,1,0,2,0,2,3.5,0,2,2,0,3.5,0,0,2,0,2.5,0,ISM,ISM,ISM
393,1202164379,0,0,0,0,0,0,0,2,0,0,2.5,2,0,0,0,0,0,0,0,0,0,0,
394,1202164387,3.5,3.5,4,3.5,4,4,4,3.5,4,0,3,3.5,4,4,3.5,3,3.5,3.5,3.5,0,EDM,EIM,EDM
395,1202164388,0,0,0,0,0,0,0,1,1,0,2.5,2,0,0,0,0,0,0,0,0,0,0,
396,1202164390,4,4,4,4,4,4,3,4,4,0,4,3.5,4,3.5,4,3.5,4,3.5,3.5,0,ERP,TECHNO,ERP
397,1202164391,4,3.5,3.5,3.5,4,3.5,4,4,4,0,3.5,4,4,4,4,3.5,4,4,4,0,EIM,EDM,EIM
398,1202164392,3.5,3.5,3.5,3.5,3,3.5,2,2,2,0,2.5,2,3.5,3.5,3.5,3,3.5,3.5,2,0,EA,EDM,EDM
399,1202164393,0,3,0,3,2.5,0,0,1,2,0,2.5,2,0,0,0,2.5,0,0,0,0,0,0,
400,1202164394,0,0,0,0,0,0,0,1,1,0,2,1,0,0,0,2,0,0,0,0,0,0,
401,1202164395,2.5,4,2.5,3.5,3.5,2.5,2,3,3.5,0,2.5,2,3,3.5,2.5,3.5,3,3.5,3.5,0,EIM,EDM,EIM
402,1202164397,3,2,3.5,3.5,3.5,3.5,2.5,4,4,0,3.5,3,3,3.5,2.5,1,2.5,3.5,2.5,0,ERP,ERP,ERP
403,1202164399,3,3,3,3.5,3,3,2,2,3,0,3,3,2,2.5,2.5,3,2.5,3,2.5,0,ISM,EAD,ISM
