,No,NIM,OOP,RPB,PI,APSI,WEB,Statistik,Matdis,Alpro,Strukdat,SE,PO,SCM,EA,Basdat,Manjarkom,Sisop,MSDM,Desjar,Manprosi,Lulus Tepat Waktu
0,1,1202160002,4.0,3.5,4.0,3.5,4.0,3.5,3.5,3.5,3.5,4.0,3.5,3.5,4.0,3.5,3.5,4.0,3.5,3.5,3.5,1
1,2,1202160009,4.0,3.5,3.5,3.5,3.5,3.5,3.5,4.0,3.5,3.5,3.5,4.0,3.5,3.5,3.0,3.5,4.0,3.5,3.5,1
2,3,1202160010,0.0,0.0,0.0,0.0,0.0,0.0,0.0,0.0,0.0,0.0,0.0,0.0,0.0,0.0,0.0,0.0,0.0,0.0,3.5,0
3,4,1202160011,4.0,4.0,3.5,3.5,4.0,3.0,4.0,3.5,3.0,3.5,3.0,3.5,3.5,4.0,3.5,3.5,3.5,2.5,3.5,1
4,5,1202160013,3.5,3.0,3.5,2.0,2.0,2.5,4.0,3.5,2.0,3.5,2.5,2.5,3.5,3.5,2.5,2.0,1.0,4.0,4.0,1
5,6,1202160015,1.0,1.0,3.5,3.5,3.0,2.0,4.0,3.5,3.0,3.0,2.5,3.5,3.5,2.5,1.0,2.0,3.5,2.5,2.5,1
6,7,1202160019,3.5,2.0,2.5,3.0,3.5,1.0,3.5,4.0,1.0,0.0,2.0,0.0,2.5,3.5,2.0,2.5,1.0,2.0,2.5,0
7,8,1202160020,0.0,0.0,0.0,0.0,0.0,0.0,1.0,0.0,0.0,0.0,0.0,0.0,0.0,0.0,0.0,0.0,0.0,0.0,2.5,0
8,9,1202160023,3.0,3.5,3.5,3.5,3.5,2.0,3.0,3.5,3.0,3.5,3.5,3.5,3.5,3.0,1.0,2.0,3.5,3.0,2.5,1
9,10,1202160024,2.0,2.5,3.5,3.5,3.0,0.0,1.0,3.5,2.5,2.0,3.0,2.5,3.0,1.0,2.0,2.0,3.5,2.5,0.0,0
10,11,1202160028,3.5,3.5,3.0,3.5,2.5,2.5,3.5,3.5,2.0,2.5,2.0,2.0,3.0,3.5,3.0,3.5,2.5,2.0,2.5,1
11,12,1202160030,3.5,4.0,3.5,4.0,2.5,3.5,3.5,4.0,3.0,3.5,3.0,3.5,3.0,3.0,3.0,3.5,3.5,3.5,2.5,1
12,13,1202160034,3.5,2.0,3.5,2.0,4.0,2.0,2.5,3.5,3.5,3.5,2.5,2.5,3.5,2.5,3.0,4.0,3.5,3.5,3.5,1
13,14,1202160036,0.0,0.0,0.0,2.0,0.0,0.0,1.0,1.0,0.0,2.0,1.0,0.0,0.0,0.0,0.0,0.0,0.0,0.0,3.5,0
14,15,1202160041,4.0,3.5,3.5,3.5,4.0,3.5,4.0,4.0,3.5,3.0,4.0,4.0,3.5,4.0,3.5,4.0,4.0,4.0,2.5,1
15,16,1202160043,4.0,3.5,4.0,3.5,4.0,4.0,4.0,4.0,3.0,4.0,3.0,4.0,4.0,4.0,4.0,4.0,3.5,3.5,4.0,1
16,17,1202160044,4.0,3.5,3.5,4.0,3.5,3.0,3.5,4.0,2.5,3.5,2.5,3.0,3.5,4.0,3.5,4.0,3.5,2.5,4.0,1
17,18,1202160045,4.0,3.5,4.0,3.5,3.0,4.0,2.0,4.0,2.5,3.5,3.5,4.0,4.0,3.5,4.0,3.5,3.5,4.0,2.5,1
18,19,1202160046,4.0,3.5,3.5,4.0,3.5,3.5,3.5,4.0,3.5,3.5,3.0,3.5,3.5,4.0,3.5,4.0,3.5,4.0,2.5,1
19,20,1202160047,3.5,3.5,3.5,4.0,3.5,2.0,3.0,4.0,3.0,3.5,3.5,3.5,4.0,3.5,2.0,3.5,4.0,3.5,2.5,1
20,21,1202160048,4.0,3.5,4.0,4.0,3.5,4.0,4.0,4.0,3.5,4.0,3.5,4.0,4.0,4.0,3.0,3.0,3.5,3.5,4.0,1
21,22,1202160050,4.0,4.0,4.0,4.0,4.0,4.0,4.0,4.0,3.5,4.0,4.0,4.0,4.0,4.0,3.0,4.0,4.0,3.5,4.0,1
22,23,1202160051,3.5,4.0,3.5,3.5,3.0,3.0,4.0,3.0,2.5,3.5,3.0,3.5,3.5,4.0,3.5,3.5,4.0,2.0,3.0,1
23,24,1202160052,3.0,3.5,3.5,3.5,2.0,2.0,2.5,3.0,3.0,3.5,2.0,3.5,3.5,3.5,3.5,3.0,2.5,3.0,3.5,1
24,25,1202160053,0.0,0.0,0.0,0.0,0.0,2.5,2.0,2.5,0.0,2.5,2.0,0.0,0.0,0.0,2.0,0.0,0.0,2.0,3.5,0
25,26,1202160054,4.0,4.0,4.0,4.0,3.0,3.5,4.0,4.0,3.5,4.0,3.5,3.5,4.0,3.5,3.5,3.5,3.5,4.0,2.5,1
26,27,1202160055,2.5,2.5,3.5,3.5,3.5,2.5,2.5,4.0,3.0,3.0,2.5,3.5,3.5,3.0,2.0,2.5,2.5,3.0,3.0,1
27,28,1202160057,4.0,3.5,3.5,4.0,4.0,3.5,4.0,3.5,4.0,4.0,3.5,4.0,3.5,3.5,4.0,3.5,3.5,3.5,3.5,1
28,29,1202160059,4.0,3.5,4.0,3.5,3.5,3.0,4.0,3.5,2.5,3.0,2.0,3.5,3.5,4.0,3.5,3.5,4.0,3.0,3.5,1
29,30,1202160061,4.0,4.0,3.5,3.5,3.5,3.5,4.0,3.5,2.5,3.5,2.0,3.5,4.0,4.0,4.0,3.5,4.0,4.0,3.0,1
30,31,1202160062,3.5,3.5,4.0,3.5,3.0,2.5,4.0,4.0,3.5,3.5,2.5,3.0,3.5,3.5,3.0,3.5,3.5,4.0,2.0,1
31,32,1202160063,4.0,4.0,4.0,4.0,4.0,4.0,4.0,4.0,3.5,4.0,3.5,4.0,4.0,4.0,2.0,3.5,4.0,3.5,3.5,1
32,33,1202160066,3.5,3.5,3.5,3.5,3.5,2.5,2.0,3.0,2.5,3.5,3.0,3.0,3.5,3.5,3.0,3.5,3.0,2.5,3.0,1
33,34,1202160067,0.0,0.0,0.0,0.0,0.0,0.0,4.0,3.5,0.0,3.5,1.0,0.0,0.0,0.0,0.0,0.0,0.0,2.0,3.0,0
34,35,1202160070,3.5,3.5,3.5,3.5,2.5,3.0,3.5,4.0,3.0,3.0,2.0,3.5,3.5,2.5,2.0,2.5,3.5,4.0,2.0,1
35,36,1202160074,4.0,3.5,3.5,3.5,4.0,3.5,3.5,3.5,4.0,3.5,3.5,4.0,3.5,3.5,3.5,3.5,3.5,3.0,3.5,1
36,37,1202160076,0.0,0.0,0.0,0.0,0.0,0.0,0.0,0.0,0.0,0.0,0.0,0.0,0.0,0.0,0.0,0.0,0.0,0.0,3.5,0
37,38,1202160080,2.5,3.0,3.0,3.5,3.0,0.0,2.0,3.5,2.5,3.0,2.5,2.5,3.5,2.5,1.0,2.0,3.0,2.0,1.0,0
38,39,1202160082,4.0,3.5,3.5,3.5,3.5,1.0,2.0,3.0,3.5,3.5,3.5,3.5,3.5,3.5,3.0,4.0,3.5,3.0,3.0,1
39,40,1202160083,3.5,3.5,3.5,3.5,3.5,2.5,2.5,2.0,2.5,3.0,2.5,3.5,3.0,3.5,3.5,3.5,3.5,2.0,3.0,1
40,41,1202160084,3.0,2.5,2.0,3.0,1.0,1.0,2.5,3.5,2.0,3.0,2.0,2.0,2.0,3.0,2.5,2.0,2.0,1.0,2.0,1
41,42,1202160086,3.5,4.0,3.5,3.5,3.0,3.5,4.0,4.0,3.0,3.5,3.0,3.5,4.0,3.5,3.0,3.5,3.5,4.0,2.5,1
42,43,1202160088,2.0,3.0,3.0,3.5,2.0,0.0,2.0,3.5,2.0,2.5,2.0,3.5,3.0,2.0,2.0,2.5,2.5,2.0,1.0,0
43,44,1202160089,3.5,3.5,3.5,3.5,3.5,3.5,3.5,3.5,3.5,2.5,3.5,3.5,3.5,3.5,3.0,3.5,3.5,3.5,2.0,1
44,45,1202160093,3.5,3.5,3.5,2.5,3.0,3.5,2.5,3.5,2.5,3.5,3.0,3.0,4.0,3.5,3.5,3.0,3.0,3.5,2.0,1
45,46,1202160095,2.0,0.0,2.0,0.0,0.0,1.0,2.0,3.5,3.0,3.0,2.5,1.0,2.5,0.0,0.0,0.0,2.0,3.0,2.0,0
46,47,1202160096,3.0,2.0,3.5,3.5,3.5,4.0,3.5,3.5,2.5,3.0,3.0,4.0,3.5,2.5,2.0,2.5,3.5,2.0,2.0,1
47,48,1202160098,4.0,3.5,3.5,4.0,4.0,3.5,3.5,3.5,4.0,3.5,3.5,4.0,3.5,3.5,3.5,4.0,3.5,3.5,3.5,1
48,49,1202160101,4.0,3.5,3.5,3.5,2.5,2.0,2.5,3.5,2.5,3.0,2.5,3.5,4.0,4.0,3.5,3.0,4.0,4.0,2.5,1
49,50,1202160103,3.5,4.0,4.0,4.0,3.5,3.5,4.0,4.0,3.5,4.0,3.0,4.0,4.0,3.5,2.5,3.5,3.5,3.5,3.5,1
50,51,1202160105,4.0,4.0,4.0,4.0,4.0,2.5,4.0,4.0,3.5,4.0,4.0,3.5,3.5,4.0,3.5,3.5,3.5,3.5,3.5,1
51,52,1202160107,3.5,2.5,3.5,3.5,2.5,2.5,3.5,3.5,2.5,3.5,2.5,3.5,3.0,2.0,3.5,2.5,3.5,2.0,3.0,1
52,53,1202160110,2.5,3.5,4.0,3.5,2.5,3.5,3.0,3.0,3.0,4.0,2.5,2.0,3.5,2.5,3.5,3.0,4.0,4.0,2.5,1
53,54,1202160111,3.5,3.5,3.5,4.0,3.5,4.0,4.0,4.0,3.0,4.0,3.5,4.0,4.0,3.5,3.0,3.5,4.0,4.0,3.5,1
54,55,1202160112,3.5,3.0,3.5,4.0,3.5,2.5,3.5,3.5,3.5,3.0,3.0,3.5,3.5,3.5,2.0,3.5,4.0,3.0,2.0,1
55,56,1202160117,4.0,4.0,4.0,3.5,4.0,3.0,4.0,4.0,3.5,4.0,3.0,3.5,4.0,4.0,3.5,4.0,4.0,4.0,3.5,1
56,57,1202160118,3.0,3.5,4.0,3.5,2.0,3.0,3.5,4.0,3.5,3.5,3.0,3.5,3.5,3.5,3.5,3.5,3.5,4.0,2.0,1
57,58,1202160120,3.5,3.5,3.5,4.0,3.5,4.0,3.5,4.0,3.5,3.5,3.5,3.5,4.0,3.5,1.0,3.5,4.0,3.0,3.0,1
58,59,1202160121,3.5,3.0,3.5,3.5,3.5,3.0,2.5,3.5,2.0,2.5,2.5,3.5,3.0,3.5,3.5,3.0,3.0,2.5,2.0,1
59,60,1202160124,3.5,3.5,2.5,3.5,3.0,2.5,3.5,3.5,3.0,3.5,2.0,3.5,3.0,3.5,2.5,3.0,3.0,2.0,3.0,1
60,61,1202160126,3.5,4.0,4.0,3.5,2.0,4.0,3.5,4.0,3.5,3.0,2.0,2.5,3.5,3.5,3.5,3.5,3.5,4.0,2.5,1
61,62,1202160127,3.5,3.5,3.5,4.0,3.5,3.5,4.0,4.0,3.5,3.5,3.0,3.5,3.5,3.0,3.0,3.0,3.5,3.5,2.5,1
62,63,1202160130,3.5,3.0,3.5,3.0,3.5,3.0,4.0,3.0,3.5,3.5,3.0,3.5,3.5,3.5,2.5,3.5,3.5,2.5,3.0,1
63,64,1202160132,4.0,3.5,3.5,3.5,3.5,3.0,4.0,3.5,3.0,3.5,2.5,3.5,3.5,4.0,3.5,4.0,3.5,3.5,3.5,1
64,65,1202160133,4.0,4.0,4.0,3.0,3.5,3.5,4.0,3.5,2.5,3.5,3.0,3.5,4.0,4.0,3.5,3.0,3.5,4.0,2.5,1
65,66,1202160134,3.0,3.5,3.5,2.5,2.0,2.0,2.5,3.5,2.0,3.5,1.0,0.0,2.0,2.5,3.5,3.5,3.5,3.5,3.0,0
66,67,1202160135,3.5,4.0,4.0,4.0,3.5,4.0,4.0,3.5,3.5,4.0,3.0,4.0,4.0,3.5,1.0,2.5,3.5,3.5,3.5,1
67,68,1202160138,3.5,3.5,4.0,3.5,3.5,3.5,3.5,3.5,3.0,3.0,3.0,3.5,3.5,3.5,3.0,3.5,3.0,2.5,3.5,1
68,69,1202160141,3.5,2.5,3.0,2.0,2.0,2.0,1.0,3.5,2.0,2.0,2.5,1.0,3.0,3.0,2.5,2.0,3.0,3.0,4.0,1
69,70,1202160145,3.5,2.5,3.5,3.5,3.5,2.0,3.0,4.0,3.5,3.5,4.0,3.5,2.5,3.5,4.0,4.0,3.5,4.0,2.0,1
70,71,1202160148,3.5,3.5,3.5,3.5,2.5,2.5,2.0,3.5,2.5,3.0,2.0,3.5,2.0,3.5,3.0,3.0,3.0,2.0,3.0,1
71,72,1202160151,3.5,3.5,3.5,4.0,3.5,4.0,4.0,3.5,3.5,3.5,3.0,4.0,4.0,3.5,2.0,3.5,3.5,3.5,3.5,1
72,73,1202160153,3.5,0.0,1.0,2.0,0.0,1.0,4.0,3.0,1.0,3.5,2.0,0.0,0.0,1.0,2.0,0.0,0.0,3.0,2.5,0
73,74,1202160154,3.0,3.5,3.5,3.5,3.5,2.0,3.0,3.0,3.0,3.5,3.0,2.5,3.5,3.0,3.0,3.5,3.5,2.0,3.5,1
74,75,1202160155,4.0,4.0,4.0,3.5,3.5,2.5,3.0,2.0,2.5,3.0,2.5,3.5,3.5,4.0,3.0,3.5,3.5,3.0,3.5,1
75,76,1202160160,2.5,3.0,3.5,4.0,3.0,2.0,4.0,4.0,3.0,3.0,2.5,3.5,3.5,3.5,1.0,2.5,3.5,2.5,2.5,1
76,77,1202160167,3.5,4.0,3.5,3.5,3.5,2.5,3.0,4.0,2.0,3.5,3.0,3.0,3.0,2.5,2.5,3.5,3.5,4.0,2.5,1
77,78,1202160169,2.5,3.5,3.0,4.0,3.0,0.0,2.0,3.5,3.0,2.5,2.0,2.5,3.5,2.5,1.0,2.0,3.0,2.0,1.0,0
78,79,1202160171,3.5,3.5,3.5,4.0,3.5,2.0,2.5,3.5,2.5,2.5,3.0,4.0,3.0,4.0,3.0,3.5,3.0,2.5,2.5,1
79,80,1202160173,4.0,3.5,3.0,3.5,3.5,2.5,3.5,3.5,3.0,3.5,2.0,3.0,3.5,3.5,3.5,3.0,3.5,3.0,3.0,1
80,81,1202160178,3.0,3.5,3.5,4.0,3.5,3.0,3.0,3.5,2.5,3.0,3.0,4.0,3.5,3.5,3.0,3.0,4.0,3.5,2.5,1
81,82,1202160179,3.0,3.0,3.5,3.5,3.5,2.5,4.0,2.5,3.5,3.5,3.0,4.0,3.5,4.0,3.5,3.5,3.5,3.0,2.5,1
82,83,1202160180,3.5,3.0,3.5,3.0,3.0,2.0,2.0,2.0,2.0,3.0,2.0,3.5,3.0,3.5,2.5,3.5,0.0,2.0,2.5,1
83,84,1202160182,3.5,4.0,3.5,3.5,3.5,3.5,3.5,4.0,2.5,3.5,3.0,3.5,4.0,4.0,3.5,2.5,3.5,3.5,3.0,1
84,85,1202160183,3.0,0.0,2.0,3.5,2.0,2.5,2.0,2.0,2.0,2.0,1.0,3.0,2.5,2.0,3.5,2.0,2.0,3.5,1.0,0
85,86,1202160184,4.0,3.5,4.0,4.0,3.5,3.5,3.5,4.0,3.5,3.5,3.5,3.5,4.0,4.0,2.0,4.0,3.5,3.5,3.5,1
86,87,1202160185,3.5,2.5,3.5,4.0,4.0,3.0,3.0,4.0,3.5,3.0,3.5,3.5,4.0,3.0,3.0,3.5,3.5,2.5,2.5,1
87,88,1202160186,3.5,3.0,3.5,3.0,3.0,2.0,2.5,3.5,3.5,3.0,3.5,3.5,3.5,2.5,3.5,2.5,3.5,3.5,2.5,1
88,89,1202160190,3.0,3.5,2.0,3.0,2.0,3.0,2.0,3.5,2.0,3.0,2.0,1.0,2.5,3.5,3.5,2.0,2.0,3.5,2.0,1
89,90,1202160191,0.0,0.0,0.0,0.0,0.0,0.0,0.0,0.0,0.0,0.0,0.0,0.0,0.0,0.0,0.0,0.0,0.0,0.0,2.0,0
90,91,1202160192,2.5,3.5,3.5,4.0,2.5,2.5,3.0,3.5,3.5,2.5,2.5,0.0,3.5,2.5,2.0,2.0,2.5,3.0,2.0,1
91,92,1202160195,3.0,2.0,3.5,3.5,0.0,1.0,2.5,3.0,2.0,3.0,2.5,0.0,0.0,1.0,2.0,0.0,0.0,2.0,0.0,0
92,93,1202160196,3.5,3.5,0.0,3.5,3.5,2.0,2.0,3.5,2.5,3.5,2.5,3.5,3.0,4.0,3.0,2.5,3.0,2.5,3.0,1
93,94,1202160197,4.0,3.5,3.5,3.5,3.5,2.0,4.0,4.0,4.0,3.5,2.5,3.5,2.0,4.0,3.0,4.0,2.0,3.0,3.0,1
94,95,1202160200,3.5,3.0,3.5,3.5,4.0,3.0,2.5,4.0,3.5,3.5,3.5,3.0,3.5,3.0,2.0,3.5,3.5,4.0,2.5,1
95,96,1202160202,4.0,4.0,4.0,4.0,4.0,2.0,4.0,4.0,3.5,3.5,2.0,3.5,3.5,3.5,3.5,3.5,3.5,3.5,3.5,1
96,97,1202160205,4.0,4.0,4.0,4.0,4.0,3.0,4.0,3.5,4.0,3.5,2.5,3.5,4.0,4.0,4.0,4.0,3.5,3.5,3.5,1
97,98,1202160206,3.5,3.5,3.5,2.5,2.0,3.0,2.0,3.5,2.0,3.0,2.0,0.0,3.0,3.0,2.5,2.0,2.5,3.5,2.5,0
98,99,1202160210,3.5,3.0,0.0,3.5,3.5,1.0,3.5,4.0,2.5,3.0,3.0,3.0,3.0,3.0,3.5,2.0,3.0,2.5,2.5,0
99,100,1202160212,3.5,3.5,3.5,3.5,2.5,3.0,3.0,3.5,2.5,3.0,3.0,3.0,3.5,4.0,3.0,3.0,3.0,2.0,3.0,1
100,101,1202160214,4.0,4.0,4.0,3.5,4.0,3.0,2.5,4.0,4.0,3.0,2.5,3.5,4.0,4.0,3.5,3.5,3.5,4.0,2.5,1
101,102,1202160215,4.0,4.0,3.5,3.5,3.0,4.0,4.0,4.0,3.5,3.5,3.0,4.0,4.0,3.5,3.5,3.5,4.0,4.0,3.5,1
102,103,1202160216,3.0,3.5,3.5,4.0,4.0,2.5,3.5,4.0,3.5,3.0,2.5,3.5,3.5,3.0,2.0,3.0,3.5,3.5,3.5,1
103,104,1202160217,0.0,0.0,0.0,0.0,0.0,0.0,3.5,3.5,0.0,3.5,3.0,0.0,0.0,0.0,0.0,0.0,0.0,0.0,3.5,0
104,105,1202160218,0.0,0.0,0.0,0.0,0.0,0.0,4.0,3.5,0.0,3.5,3.5,0.0,0.0,0.0,0.0,0.0,0.0,0.0,3.5,0
105,106,1202160219,0.0,0.0,0.0,0.0,0.0,0.0,2.5,3.0,0.0,3.5,2.5,0.0,0.0,0.0,0.0,0.0,0.0,0.0,3.5,0
106,107,1202160222,4.0,3.5,3.5,3.5,3.5,4.0,4.0,4.0,2.5,3.5,2.5,3.0,4.0,4.0,3.5,3.0,2.5,4.0,2.0,1
107,108,1202160227,0.0,0.0,0.0,0.0,0.0,0.0,2.0,3.0,0.0,3.0,2.0,0.0,0.0,0.0,0.0,0.0,0.0,0.0,2.0,0
108,109,1202160229,4.0,3.5,3.5,3.5,3.5,2.0,2.5,2.5,3.5,3.5,3.5,3.5,3.5,4.0,3.5,3.5,3.0,2.0,3.5,1
109,110,1202160232,0.0,3.5,3.0,3.0,0.0,2.5,3.5,2.5,2.0,2.5,2.0,2.5,0.0,2.0,2.5,0.0,0.0,3.0,0.0,0
110,111,1202160234,2.5,3.0,3.5,3.5,3.0,3.0,3.5,3.5,3.5,2.5,2.5,4.0,3.5,3.0,3.5,3.5,3.5,3.0,2.0,1
111,112,1202160236,3.5,3.0,3.5,3.5,3.5,2.5,3.0,3.0,3.5,3.0,3.5,3.5,3.5,2.5,3.5,3.5,3.5,2.5,3.0,1
112,113,1202160237,3.5,3.5,3.5,3.5,2.5,2.5,2.0,3.5,2.5,3.0,2.0,3.5,2.5,4.0,3.5,2.0,3.5,2.5,3.5,1
113,114,1202160240,2.5,3.5,3.5,3.5,2.5,2.5,1.0,3.5,3.5,3.5,2.0,3.0,3.5,2.5,3.0,3.0,4.0,4.0,2.0,1
114,115,1202160247,0.0,0.0,0.0,0.0,0.0,0.0,0.0,1.0,0.0,2.5,0.0,0.0,0.0,0.0,0.0,0.0,0.0,0.0,2.0,0
115,116,1202160248,3.5,4.0,3.5,4.0,3.0,3.5,4.0,4.0,3.5,2.5,2.0,4.0,3.5,3.0,3.5,3.5,3.5,4.0,2.5,1
116,117,1202160251,4.0,4.0,4.0,4.0,4.0,3.5,4.0,4.0,4.0,4.0,4.0,4.0,3.5,3.5,3.5,4.0,4.0,3.5,3.0,1
117,118,1202160253,4.0,3.5,4.0,4.0,4.0,3.5,4.0,4.0,4.0,3.5,3.5,3.5,3.5,4.0,3.5,4.0,3.5,3.5,3.0,1
118,119,1202160255,3.0,3.5,2.5,3.5,3.5,0.0,1.0,2.5,3.0,2.0,2.0,1.0,2.0,0.0,3.5,3.5,2.5,2.0,2.5,1
119,120,1202160256,3.5,4.0,4.0,3.5,3.5,3.5,4.0,3.5,2.5,3.5,3.5,3.5,4.0,4.0,3.5,3.5,4.0,3.5,2.0,1
120,121,1202160257,2.0,3.0,2.0,2.0,2.0,2.5,1.0,3.5,3.0,2.5,2.0,0.0,2.5,1.0,2.5,2.0,3.0,3.0,3.5,1
121,122,1202160258,3.5,3.5,4.0,4.0,4.0,4.0,3.5,4.0,3.5,3.5,3.5,4.0,4.0,3.5,3.0,3.0,4.0,3.5,4.0,1
122,123,1202160262,3.0,2.5,0.0,3.0,2.0,0.0,2.5,2.0,2.5,2.5,3.0,2.5,2.0,3.0,2.0,2.0,2.5,2.0,2.0,0
123,124,1202160264,4.0,4.0,4.0,3.5,3.5,3.5,2.0,4.0,3.5,4.0,3.5,3.0,3.5,4.0,4.0,3.5,4.0,4.0,2.5,1
124,125,1202160265,2.5,0.0,2.0,2.5,0.0,2.0,2.0,4.0,2.0,3.5,2.0,2.0,0.0,0.0,2.5,0.0,0.0,3.0,0.0,0
125,126,1202160266,3.5,3.5,3.5,4.0,4.0,2.0,3.0,3.5,3.5,3.0,2.5,3.0,3.5,2.0,2.0,3.0,3.5,3.0,2.5,1
126,127,1202160267,3.0,2.5,3.5,4.0,3.5,1.0,1.0,3.5,3.0,2.5,2.5,2.5,3.5,3.0,2.5,2.5,3.5,2.5,2.0,1
127,128,1202160268,3.5,3.0,3.5,3.0,3.0,2.0,2.5,3.5,3.0,2.5,3.5,3.0,3.0,3.0,3.0,2.0,3.0,3.0,2.0,1
128,129,1202160269,3.5,3.0,3.5,3.5,4.0,2.0,2.0,2.5,3.0,3.0,2.5,3.0,3.5,3.0,3.5,3.0,3.5,2.5,3.5,1
129,130,1202160277,3.5,3.5,4.0,3.5,4.0,3.5,4.0,4.0,3.5,3.5,3.0,4.0,3.5,3.5,3.0,4.0,3.5,2.5,3.0,1
130,131,1202160278,2.5,2.0,3.5,3.5,2.0,1.0,1.0,2.0,3.0,2.0,1.0,2.0,2.0,3.5,2.5,2.0,2.0,2.0,2.0,1
131,132,1202160281,4.0,3.5,3.5,3.5,2.5,3.0,1.0,4.0,3.0,3.5,2.5,2.5,3.5,4.0,3.5,3.0,3.5,3.5,2.0,1
132,133,1202160282,3.5,4.0,4.0,3.5,2.5,3.5,4.0,4.0,3.0,3.5,3.0,4.0,4.0,3.5,3.0,3.0,4.0,3.5,2.0,1
133,134,1202160283,4.0,4.0,3.5,4.0,4.0,3.5,4.0,4.0,4.0,3.5,2.5,3.5,3.5,3.5,2.5,3.5,3.5,3.5,3.0,1
134,135,1202160288,4.0,4.0,3.5,4.0,2.5,4.0,4.0,4.0,4.0,4.0,3.5,4.0,3.5,4.0,3.5,3.5,4.0,3.5,3.0,1
135,136,1202160292,3.5,3.5,3.5,4.0,3.5,4.0,3.5,4.0,3.5,3.5,3.5,3.5,4.0,3.5,3.0,3.0,3.5,3.5,2.0,1
136,137,1202160293,4.0,3.5,4.0,4.0,4.0,4.0,4.0,4.0,4.0,4.0,4.0,4.0,3.5,3.5,3.5,4.0,4.0,3.5,3.0,1
137,138,1202160294,4.0,3.5,3.5,3.5,4.0,4.0,3.0,4.0,3.5,3.5,3.0,4.0,3.5,4.0,4.0,4.0,3.5,3.5,3.5,1
138,139,1202160295,3.0,2.5,0.0,3.0,2.5,1.0,0.0,2.0,1.0,2.5,2.0,1.0,3.0,3.0,3.0,3.5,3.0,2.0,3.5,1
139,140,1202160297,0.0,0.0,0.0,1.0,0.0,2.0,2.0,3.0,0.0,2.0,2.0,0.0,0.0,0.0,2.0,0.0,0.0,2.0,3.5,0
140,141,1202160299,2.5,3.5,3.0,3.5,3.5,1.0,3.5,2.5,3.0,3.0,2.5,3.0,3.5,2.5,2.0,3.0,3.5,3.0,2.5,1
141,142,1202160300,2.5,3.5,3.5,4.0,3.0,1.0,2.5,3.5,3.5,3.0,3.0,3.5,3.5,3.0,1.0,3.5,3.5,2.5,1.0,1
142,143,1202160303,4.0,4.0,4.0,3.5,4.0,4.0,4.0,4.0,4.0,4.0,3.5,3.5,3.5,4.0,3.5,4.0,3.5,3.5,4.0,1
143,144,1202160308,3.5,3.0,0.0,3.5,2.0,0.0,2.5,3.5,3.0,2.5,2.5,3.0,2.5,2.0,1.0,2.0,2.0,2.0,1.0,0
144,145,1202160313,2.0,0.0,3.0,0.0,1.0,2.0,2.0,1.0,0.0,3.5,2.5,2.0,2.0,2.0,2.0,2.0,1.0,3.0,2.0,0
145,146,1202160316,3.5,3.0,3.5,4.0,3.5,2.5,3.0,4.0,3.0,3.5,3.0,3.0,4.0,2.5,2.0,3.5,3.0,3.5,2.5,1
146,147,1202160320,3.0,3.0,2.0,3.5,3.0,3.5,3.0,3.5,2.5,3.0,3.0,3.0,3.5,2.0,2.0,2.5,3.5,3.0,2.5,1
147,148,1202160321,3.5,3.0,3.5,2.0,3.5,3.0,2.5,3.5,3.5,3.5,3.0,3.0,2.5,2.5,2.5,3.5,3.0,2.5,2.5,1
148,149,1202160322,3.0,3.5,3.0,3.0,3.5,1.0,3.5,2.0,2.5,3.5,2.0,2.0,3.0,3.5,3.0,3.5,3.5,2.5,3.0,1
149,150,1202160324,3.5,3.5,4.0,3.5,2.5,3.0,1.0,3.5,2.0,3.5,3.0,3.5,4.0,4.0,3.5,3.0,3.5,4.0,2.5,1
150,151,1202160325,4.0,4.0,4.0,3.5,2.0,3.5,4.0,4.0,3.0,3.5,2.5,3.5,4.0,2.5,3.5,3.5,4.0,4.0,3.0,1
151,152,1202160326,3.5,3.5,3.5,4.0,3.5,2.0,3.5,3.0,2.5,3.5,3.5,0.0,3.5,3.5,1.0,2.5,3.5,3.5,2.5,0
152,153,1202160327,2.5,2.5,3.5,3.5,3.5,0.0,1.0,2.5,3.5,3.0,2.5,3.5,3.5,3.0,2.0,2.0,3.0,2.0,2.0,1
153,154,1202160330,2.0,1.0,0.0,3.0,1.0,1.0,2.0,3.5,1.0,2.0,2.0,2.0,0.0,0.0,2.0,2.0,0.0,2.0,0.0,0
154,155,1202160332,4.0,3.5,4.0,3.5,2.0,3.5,2.0,3.5,3.0,3.5,2.5,2.0,4.0,3.5,3.0,2.5,3.0,3.5,2.0,1
155,156,1202160333,3.0,3.5,3.5,3.5,2.5,3.0,2.5,3.5,2.0,3.5,2.5,3.5,0.0,2.5,3.0,2.5,3.5,3.5,2.5,1
156,157,1202160338,2.0,2.5,2.0,3.0,0.0,1.0,1.0,2.5,2.0,2.5,2.0,3.0,0.0,1.0,0.0,1.0,2.0,2.0,1.0,0
157,158,1202160339,3.5,3.5,3.5,3.5,3.5,2.0,3.0,3.5,2.5,3.5,2.0,2.0,3.5,4.0,3.5,3.5,3.5,2.5,3.5,1
158,159,1202160340,4.0,3.5,3.5,2.0,3.5,2.5,3.5,3.5,3.5,3.5,3.0,3.0,3.5,4.0,3.5,3.5,4.0,3.5,1.0,1
159,160,1202160341,3.5,3.5,3.5,3.5,2.5,3.5,3.0,2.5,3.0,3.5,3.0,4.0,4.0,2.5,3.0,3.0,4.0,4.0,2.5,1
160,161,1202160342,2.5,3.5,3.5,3.5,3.5,3.0,3.5,3.5,2.5,3.0,2.5,3.5,3.5,2.5,2.0,2.5,2.0,3.0,2.5,1
161,162,1202160347,1.0,0.0,0.0,0.0,0.0,0.0,2.0,1.0,1.0,3.0,1.0,0.0,0.0,0.0,2.0,1.0,0.0,0.0,0.0,0
162,163,1202160352,0.0,0.0,0.0,0.0,0.0,0.0,0.0,0.0,0.0,0.0,0.0,0.0,0.0,0.0,0.0,0.0,0.0,0.0,0.0,0
163,164,1202160353,3.5,3.0,3.5,4.0,3.5,3.5,4.0,3.5,3.5,3.5,3.0,3.0,3.5,3.5,3.5,3.5,3.5,3.0,3.5,1
164,165,1202160354,0.0,0.0,0.0,0.0,0.0,0.0,1.0,2.0,0.0,0.0,0.0,0.0,0.0,0.0,0.0,0.0,0.0,0.0,3.5,0
165,166,1202160355,1.0,0.0,0.0,0.0,0.0,0.0,1.0,1.0,1.0,2.5,1.0,0.0,0.0,0.0,2.0,1.0,0.0,0.0,3.5,0
166,167,1202160357,0.0,0.0,0.0,0.0,0.0,0.0,0.0,0.0,0.0,1.0,0.0,0.0,0.0,0.0,0.0,0.0,0.0,0.0,3.5,0
167,168,1202160358,3.5,3.5,3.5,3.5,3.5,2.5,3.5,3.5,3.5,2.5,3.0,3.0,3.5,3.0,1.0,3.5,2.5,3.0,2.0,1
168,169,1202160360,3.5,3.0,3.5,3.5,3.5,2.0,2.5,3.5,3.5,2.5,3.0,3.5,3.0,3.5,2.5,3.0,3.5,3.0,2.5,1
169,170,1202160362,2.5,2.0,2.0,2.5,1.0,3.0,1.0,1.0,1.0,2.0,1.0,0.0,2.0,0.0,2.0,2.0,0.0,2.0,1.0,0
170,171,1202160365,4.0,3.5,3.0,2.5,3.0,3.5,3.5,3.5,3.0,3.0,2.5,3.0,4.0,3.5,3.0,3.5,3.5,3.5,2.0,1
171,172,1202160370,3.0,2.5,2.0,3.0,3.5,2.0,3.0,3.5,3.5,2.5,3.0,2.5,3.5,2.0,1.0,2.0,4.0,2.5,2.0,0
172,173,1202160372,4.0,4.0,4.0,3.5,3.5,3.5,4.0,4.0,4.0,4.0,3.5,4.0,4.0,4.0,4.0,4.0,3.5,3.0,3.5,1
173,174,1202160375,2.0,3.5,3.0,3.5,2.0,2.5,3.5,2.0,0.0,2.0,2.0,0.0,3.0,2.5,2.5,2.5,2.5,3.5,2.0,0
174,175,1202160380,4.0,2.0,3.0,2.5,4.0,1.0,2.5,4.0,2.0,3.0,3.5,2.0,0.0,1.0,2.0,2.5,0.0,3.5,2.0,1
175,176,1202160381,3.0,2.5,3.5,3.0,3.5,2.0,3.5,3.5,2.0,3.5,2.5,3.5,3.0,3.5,3.5,4.0,2.5,2.0,2.5,1
176,177,1202160382,4.0,3.5,3.5,3.5,3.5,4.0,4.0,4.0,3.5,4.0,3.5,3.5,3.5,3.5,4.0,4.0,3.0,3.0,3.5,1
177,178,1202160383,3.5,3.5,3.5,3.5,3.0,2.0,2.0,3.5,2.0,3.5,2.5,3.5,3.5,4.0,3.0,3.0,3.5,2.0,2.5,1
178,179,1202160385,4.0,3.5,4.0,3.5,3.5,3.5,4.0,4.0,3.5,3.5,2.5,3.5,3.5,3.5,3.0,3.0,3.5,4.0,2.5,1
179,180,1202160396,1.0,3.0,3.0,2.0,2.5,2.0,2.0,2.5,3.0,2.0,3.0,2.0,0.0,1.0,0.0,2.0,2.0,2.5,3.5,1
180,181,1202160398,3.0,2.5,2.5,2.5,2.5,1.0,2.5,3.5,2.0,2.5,3.5,1.0,2.0,2.0,3.0,2.0,2.5,2.0,2.0,0
181,182,1202160400,1.0,0.0,2.0,2.0,0.0,2.0,0.0,1.0,1.0,1.0,2.0,0.0,0.0,0.0,0.0,0.0,0.0,3.5,2.0,0
182,183,1202161228,4.0,4.0,4.0,4.0,3.5,3.5,4.0,4.0,3.5,4.0,3.5,4.0,4.0,3.5,4.0,3.0,3.5,4.0,0.0,0
183,184,1202162004,3.0,3.5,2.0,3.5,1.0,3.0,2.5,3.5,1.0,3.5,2.0,2.0,2.5,3.5,3.5,3.0,2.5,2.5,2.5,1
184,185,1202162006,3.5,4.0,4.0,3.5,3.0,3.5,4.0,3.5,2.0,3.5,2.5,4.0,3.5,3.5,3.0,3.5,4.0,4.0,3.0,1
185,186,1202162042,4.0,3.5,3.5,3.5,3.5,3.0,4.0,3.0,3.0,3.5,3.5,4.0,3.5,3.5,3.5,3.5,3.5,2.5,3.0,1
186,187,1202162097,3.5,3.5,3.5,3.0,3.5,2.0,2.0,3.5,3.0,2.5,3.0,3.5,2.5,2.5,3.0,3.5,1.0,3.0,2.5,1
187,188,1202162137,4.0,3.5,3.5,3.5,3.5,3.5,4.0,4.0,3.5,3.0,3.5,3.5,3.5,3.5,3.5,3.5,4.0,3.5,2.0,1
188,189,1202162144,3.5,3.5,3.5,4.0,4.0,3.5,4.0,4.0,3.5,4.0,3.5,4.0,4.0,4.0,2.5,4.0,4.0,3.0,3.0,1
189,190,1202162175,4.0,4.0,4.0,3.5,2.5,3.5,4.0,4.0,3.5,3.5,3.0,4.0,4.0,3.5,4.0,4.0,4.0,4.0,3.0,1
190,191,1202162198,0.0,0.0,0.0,0.0,0.0,0.0,0.0,0.0,0.0,0.0,0.0,0.0,0.0,0.0,0.0,0.0,0.0,0.0,3.0,0
191,192,1202162252,4.0,3.5,3.5,3.5,3.5,3.5,2.0,2.5,3.0,2.5,2.5,3.0,3.5,3.5,4.0,3.5,3.0,2.5,3.0,1
192,193,1202162274,4.0,2.0,3.0,4.0,2.5,3.0,3.5,4.0,3.5,4.0,2.5,4.0,4.0,2.5,3.0,3.5,3.5,3.5,3.0,1
193,194,1202162310,3.5,3.0,3.5,3.0,3.0,2.0,2.0,3.0,3.5,3.0,3.0,3.0,3.5,3.5,3.5,3.5,3.5,2.0,3.0,1
194,195,1202162319,3.0,3.5,2.0,3.5,3.0,3.5,3.0,2.5,2.5,3.5,3.0,4.0,3.5,3.5,2.0,3.5,3.5,3.0,2.5,1
195,196,1202162336,4.0,3.5,3.5,3.5,3.5,1.0,3.5,4.0,4.0,2.5,3.5,1.0,3.5,3.5,3.5,3.5,3.5,3.0,2.5,0
196,197,1202162337,4.0,3.5,3.0,3.5,3.5,3.0,2.5,3.0,3.5,3.5,2.5,3.5,3.0,3.5,3.0,3.5,3.5,3.0,3.5,1
197,198,1202162343,4.0,4.0,4.0,4.0,4.0,4.0,4.0,4.0,4.0,4.0,4.0,4.0,4.0,4.0,3.5,4.0,4.0,4.0,4.0,1
198,199,1202162356,3.5,3.0,3.5,2.5,3.0,2.0,1.0,3.5,2.0,2.5,2.0,0.0,3.0,3.0,3.0,3.0,2.5,3.5,1.0,0
199,200,1202162369,3.0,3.0,0.0,3.0,3.0,1.0,3.5,2.5,2.0,3.0,2.5,2.0,2.5,1.0,2.0,2.5,3.5,2.5,2.5,0
200,201,1202162376,3.0,3.0,2.5,3.5,3.5,3.0,3.0,3.5,2.5,3.5,3.0,3.5,3.5,2.5,2.0,3.5,4.0,2.5,2.5,1
201,202,1202162378,3.0,2.5,1.0,3.0,3.0,2.0,3.0,3.0,2.0,2.5,3.5,3.5,3.5,2.0,2.0,3.0,3.5,2.0,3.0,1
202,203,1202162384,3.5,3.5,3.5,2.5,2.0,3.0,4.0,4.0,2.5,3.5,3.0,2.0,4.0,4.0,3.0,0.0,3.5,3.5,0.0,0
203,204,1202162386,2.5,3.5,2.5,3.0,1.0,1.0,2.0,3.0,2.0,2.0,2.0,2.5,3.5,3.5,2.0,2.0,3.5,2.0,3.5,1
204,205,1202162389,3.5,3.5,3.5,3.5,3.5,2.0,3.0,3.5,3.0,3.0,3.5,2.5,3.0,3.5,2.0,2.5,1.0,3.0,2.0,1
205,206,1202163018,4.0,3.5,3.5,3.5,3.5,4.0,4.0,3.5,3.5,3.5,3.5,4.0,3.5,4.0,3.5,4.0,3.5,3.5,3.5,1
206,207,1202163060,3.0,3.5,2.5,3.5,2.5,1.0,2.0,3.5,2.0,3.5,2.0,0.0,2.5,3.5,3.0,2.0,2.5,2.0,2.0,0
207,208,1202163099,3.0,3.5,3.5,3.5,3.0,2.0,2.0,2.0,2.0,2.5,2.5,3.0,3.5,3.5,2.0,3.0,3.0,2.0,3.5,1
208,209,1202163104,2.5,3.5,3.5,4.0,3.5,0.0,2.0,3.0,3.5,3.0,2.5,4.0,3.5,3.5,2.0,2.5,3.5,2.5,2.0,1
209,210,1202163115,3.5,3.5,3.5,3.5,4.0,2.5,3.0,3.0,3.0,2.5,2.0,3.5,3.5,4.0,3.5,4.0,3.5,2.5,3.0,1
210,211,1202163119,3.5,3.5,3.5,3.5,4.0,1.0,3.5,4.0,3.5,3.5,2.5,3.5,3.5,3.5,2.5,3.5,3.5,3.5,3.5,1
211,212,1202163163,4.0,3.5,3.5,3.5,3.5,3.5,4.0,3.5,3.0,3.5,3.0,4.0,3.5,4.0,3.5,3.5,3.5,2.5,3.0,1
212,213,1202163170,3.0,3.5,3.5,3.5,2.5,2.0,3.0,3.5,2.5,2.0,3.0,3.0,3.0,3.0,3.5,3.0,2.0,2.5,2.0,1
213,214,1202163220,0.0,0.0,0.0,3.0,0.0,0.0,0.0,1.0,0.0,3.5,3.0,0.0,0.0,0.0,0.0,0.0,0.0,2.0,2.0,0
214,215,1202163239,4.0,3.5,2.5,2.5,3.0,3.5,3.0,3.5,2.5,3.0,2.5,2.0,3.5,3.0,3.0,3.0,3.0,3.5,2.0,0
215,216,1202163246,4.0,3.5,3.0,3.5,3.5,3.0,3.5,4.0,2.0,3.5,2.0,3.0,3.5,4.0,3.5,3.5,3.5,3.0,3.0,1
216,217,1202163259,3.5,3.5,4.0,4.0,3.5,3.5,4.0,4.0,4.0,3.5,2.5,4.0,4.0,3.5,4.0,4.0,3.5,3.5,2.5,1
217,218,1202163291,3.0,3.0,2.5,1.0,0.0,1.0,2.5,2.5,2.0,3.5,2.5,2.0,2.5,1.0,1.0,0.0,2.0,3.0,3.0,0
218,219,1202163296,3.5,3.5,3.0,3.5,2.0,3.5,3.5,3.5,2.0,3.5,2.5,2.5,3.0,4.0,3.5,3.5,3.0,2.0,3.0,1
219,220,1202163401,0.0,0.0,0.0,0.0,0.0,0.0,0.0,0.0,0.0,0.0,0.0,0.0,0.0,0.0,0.0,0.0,0.0,3.5,3.0,0
220,221,1202163402,0.0,0.0,0.0,0.0,0.0,0.0,0.0,0.0,0.0,0.0,0.0,0.0,0.0,0.0,0.0,0.0,0.0,3.5,3.0,0
221,222,1202164001,4.0,3.5,3.5,4.0,3.5,3.0,3.5,4.0,3.5,3.5,3.5,3.5,3.0,4.0,3.5,3.5,3.5,3.5,3.5,1
222,223,1202164003,2.0,3.0,3.0,3.5,2.5,2.0,2.0,2.0,2.0,2.5,2.0,2.0,2.5,3.0,2.5,3.5,3.5,2.0,2.0,1
223,224,1202164005,4.0,3.5,3.5,3.0,2.0,3.5,2.0,3.5,2.0,3.0,2.0,2.5,3.0,4.0,3.5,2.5,3.0,3.5,1.0,0
224,225,1202164007,3.5,3.5,3.5,4.0,3.5,1.0,3.5,3.5,3.5,3.0,3.5,3.5,4.0,3.5,3.5,3.5,3.0,3.5,2.5,1
225,226,1202164008,0.0,0.0,0.0,0.0,0.0,0.0,0.0,0.0,0.0,0.0,0.0,0.0,0.0,0.0,0.0,0.0,0.0,0.0,2.5,0
226,227,1202164012,3.5,3.5,3.5,3.5,3.5,2.5,3.5,3.5,3.0,3.5,2.5,3.5,3.5,4.0,3.5,4.0,3.0,2.5,3.0,1
227,228,1202164014,3.5,3.5,3.5,3.5,2.0,3.5,3.0,3.5,3.0,3.0,2.0,4.0,3.5,2.5,2.5,2.5,3.5,3.5,2.5,1
228,229,1202164016,4.0,3.0,3.5,4.0,4.0,3.5,2.5,4.0,3.5,2.5,3.0,3.5,3.5,3.0,1.0,3.5,3.5,3.0,2.0,1
229,230,1202164017,3.5,3.0,2.5,3.5,3.0,1.0,2.5,3.5,2.5,2.0,3.0,3.0,2.5,3.0,2.0,3.0,2.5,3.5,2.0,1
230,231,1202164021,3.5,3.5,3.5,3.5,2.5,3.5,3.0,3.5,2.5,3.5,3.5,2.5,3.5,3.5,3.0,2.0,3.0,4.0,2.0,1
231,232,1202164022,0.0,0.0,0.0,0.0,0.0,2.0,2.0,0.0,0.0,3.0,0.0,0.0,0.0,0.0,0.0,0.0,0.0,2.0,2.0,0
232,233,1202164025,3.5,3.0,3.5,3.5,3.5,2.0,3.5,3.5,3.0,3.0,3.5,3.5,3.0,3.5,3.5,4.0,3.5,3.5,3.0,1
233,234,1202164026,0.0,0.0,0.0,0.0,0.0,0.0,0.0,0.0,0.0,0.0,0.0,0.0,0.0,0.0,0.0,0.0,0.0,0.0,3.0,0
234,235,1202164027,3.5,3.0,3.5,3.5,3.5,3.5,3.5,2.0,3.0,2.5,2.5,3.5,3.5,4.0,3.0,3.5,3.0,2.5,3.0,1
235,236,1202164029,3.5,3.5,3.5,3.5,3.0,3.0,2.5,4.0,2.5,3.0,2.0,3.0,4.0,4.0,3.5,3.0,2.5,3.5,2.5,1
236,237,1202164031,3.0,3.5,3.5,4.0,3.5,4.0,4.0,4.0,3.5,3.5,3.0,3.5,4.0,3.5,2.0,4.0,3.0,3.5,3.0,1
237,238,1202164032,4.0,3.0,3.5,4.0,4.0,2.0,3.5,4.0,3.5,4.0,3.5,3.5,3.5,3.5,2.5,4.0,3.5,3.5,2.0,1
238,239,1202164033,2.5,3.0,3.0,2.5,3.5,0.0,2.0,3.0,2.5,2.0,3.0,0.0,2.5,2.5,3.0,2.0,1.0,3.0,2.0,0
239,240,1202164035,2.5,3.0,0.0,3.0,2.0,2.5,2.0,2.0,2.5,2.5,2.0,2.0,2.5,3.0,2.5,2.0,2.5,2.0,3.0,1
240,241,1202164037,3.5,1.0,3.5,3.0,2.0,2.0,2.0,3.5,2.5,3.5,2.0,3.0,3.5,3.5,3.0,2.0,3.5,3.5,2.0,0
241,242,1202164038,3.0,3.5,3.5,3.5,2.5,3.5,3.0,3.5,3.5,3.5,2.0,4.0,3.5,3.0,3.0,2.5,3.5,3.5,2.0,1
242,243,1202164039,4.0,4.0,4.0,4.0,3.5,4.0,4.0,4.0,3.5,3.5,3.5,4.0,4.0,3.5,4.0,3.5,3.5,3.5,3.5,1
243,244,1202164040,3.0,3.5,3.5,4.0,3.5,2.5,3.5,4.0,3.0,4.0,3.5,4.0,3.5,3.0,2.5,3.0,3.5,2.5,3.5,1
244,245,1202164049,0.0,0.0,0.0,0.0,0.0,0.0,1.0,3.0,0.0,2.0,2.5,0.0,0.0,0.0,0.0,0.0,0.0,0.0,3.5,0
245,246,1202164056,2.5,3.0,3.5,3.5,3.5,2.5,2.5,3.0,3.5,2.5,3.5,4.0,3.5,3.0,2.5,2.5,3.5,2.5,2.5,1
246,247,1202164058,4.0,3.5,3.5,4.0,4.0,2.5,3.5,4.0,4.0,4.0,3.5,2.5,3.5,4.0,4.0,4.0,3.5,4.0,2.5,1
247,248,1202164064,2.0,2.5,3.5,3.5,3.0,0.0,1.0,3.5,1.0,2.5,2.5,3.5,3.5,2.0,1.0,2.0,3.0,2.0,2.5,0
248,249,1202164065,3.5,3.5,3.5,3.5,3.5,2.0,3.5,3.5,3.0,3.0,2.5,3.5,3.5,3.5,3.5,3.5,3.5,3.5,3.5,1
249,250,1202164068,3.0,3.5,2.5,3.0,3.5,2.0,2.5,4.0,2.5,3.0,1.0,2.5,3.5,4.0,3.0,3.0,2.5,2.0,2.0,1
250,251,1202164069,2.5,3.0,3.5,2.5,2.0,2.5,2.0,3.5,2.0,2.5,1.0,1.0,3.0,3.5,2.5,2.0,2.0,3.5,3.0,1
251,252,1202164071,3.0,3.5,3.5,3.5,3.5,2.0,2.5,3.5,3.5,3.0,2.5,3.5,3.5,2.5,1.0,2.0,3.0,3.0,2.0,1
252,253,1202164072,4.0,3.5,3.5,4.0,4.0,4.0,3.5,4.0,3.5,3.5,3.5,3.5,4.0,3.5,2.0,4.0,3.5,3.0,3.0,1
253,254,1202164073,3.5,3.5,3.0,3.5,3.5,2.5,2.0,4.0,2.5,3.5,3.5,3.5,3.0,3.5,2.5,2.5,3.5,2.5,2.5,1
254,255,1202164075,0.0,1.0,1.0,2.0,0.0,0.0,2.0,2.0,0.0,2.0,2.0,0.0,0.0,0.0,0.0,0.0,0.0,0.0,2.5,0
255,256,1202164077,3.5,3.5,3.5,3.5,3.0,3.5,3.5,4.0,2.5,3.0,2.5,3.5,3.5,4.0,3.5,3.5,3.5,4.0,2.0,1
256,257,1202164078,0.0,2.0,3.5,3.0,2.0,2.0,1.0,2.0,2.5,2.5,1.0,0.0,2.0,1.0,2.5,2.0,2.0,3.0,2.5,0
257,258,1202164079,2.5,3.5,3.5,3.5,3.0,2.0,2.5,3.0,3.0,3.0,2.5,3.5,3.5,2.0,2.0,2.0,3.0,3.0,2.5,1
258,259,1202164081,3.5,3.5,3.5,3.5,3.5,2.5,3.0,3.5,2.5,2.5,3.5,3.5,3.5,3.0,3.5,3.0,3.5,3.0,2.5,1
259,260,1202164085,4.0,3.5,3.5,3.5,4.0,3.5,3.5,4.0,4.0,3.5,2.0,3.5,3.5,4.0,4.0,4.0,3.0,4.0,2.5,1
260,261,1202164087,4.0,4.0,3.5,4.0,4.0,3.5,4.0,4.0,4.0,4.0,3.5,4.0,4.0,3.5,4.0,4.0,4.0,4.0,3.5,1
261,262,1202164090,3.5,3.0,3.0,3.5,3.5,2.5,3.0,3.5,3.0,3.5,3.0,4.0,2.5,3.0,3.0,3.0,2.5,2.5,2.0,1
262,263,1202164091,3.0,3.5,2.5,3.5,3.0,1.0,2.0,2.5,2.0,3.0,1.0,2.5,3.0,3.5,2.5,3.5,3.0,2.0,3.0,1
263,264,1202164092,4.0,4.0,3.5,4.0,3.5,3.5,4.0,4.0,3.0,3.5,2.0,3.5,3.5,4.0,4.0,4.0,3.0,3.5,2.5,1
264,265,1202164094,2.0,3.0,3.0,3.0,1.0,2.5,3.5,2.0,2.0,3.0,1.0,0.0,2.0,2.0,2.5,2.0,1.0,3.5,2.5,1
265,266,1202164100,0.0,0.0,0.0,0.0,0.0,0.0,2.0,0.0,0.0,3.5,0.0,0.0,0.0,0.0,0.0,0.0,0.0,0.0,2.5,0
266,267,1202164102,3.0,2.5,2.0,3.0,0.0,2.0,3.5,2.0,0.0,2.5,0.0,0.0,0.0,0.0,3.0,0.0,0.0,3.5,2.5,0
267,268,1202164106,3.5,2.5,3.0,3.0,3.5,2.0,1.0,2.5,2.5,2.5,2.0,2.5,3.0,3.5,3.0,2.5,2.0,2.0,3.5,1
268,269,1202164108,0.0,0.0,0.0,0.0,0.0,0.0,1.0,0.0,0.0,3.5,0.0,0.0,0.0,0.0,0.0,0.0,0.0,0.0,3.5,0
269,270,1202164109,3.0,3.5,3.0,2.5,2.0,3.0,1.0,3.0,2.5,3.0,1.0,2.0,3.5,2.5,2.0,2.0,2.5,3.0,1.0,0
270,271,1202164113,4.0,4.0,3.5,4.0,3.5,4.0,4.0,4.0,3.5,3.5,3.5,4.0,4.0,3.5,3.5,3.5,4.0,3.5,3.5,1
271,272,1202164114,3.5,3.5,3.5,4.0,3.5,3.0,4.0,3.5,3.0,3.5,3.5,4.0,3.5,3.5,3.0,4.0,3.0,2.5,3.5,1
272,273,1202164116,3.5,3.5,2.0,3.5,3.5,2.0,3.5,3.5,2.5,3.0,2.0,2.5,3.0,3.5,3.5,3.0,2.5,2.0,3.0,1
273,274,1202164121,4.0,3.5,3.5,3.5,4.0,3.5,3.5,4.0,2.5,3.5,3.5,4.0,4.0,3.5,4.0,4.0,3.5,4.0,4.0,1
274,275,1202164122,3.5,3.5,3.5,3.5,4.0,3.5,3.5,3.5,4.0,4.0,3.5,4.0,4.0,4.0,3.0,4.0,4.0,3.0,3.5,1
275,276,1202164123,4.0,4.0,4.0,3.5,2.5,3.0,2.0,4.0,3.0,2.0,3.5,2.5,3.5,4.0,4.0,3.5,4.0,3.0,3.0,1
276,277,1202164125,4.0,3.5,3.5,3.5,3.5,4.0,4.0,4.0,3.5,3.5,2.5,4.0,4.0,4.0,3.5,3.0,3.5,4.0,2.5,1
277,278,1202164128,2.5,3.0,3.5,4.0,3.5,1.0,3.0,3.5,3.0,3.0,2.5,3.5,4.0,2.0,2.0,2.0,3.5,3.0,2.0,0
278,279,1202164129,4.0,3.5,4.0,3.5,4.0,3.5,4.0,4.0,3.5,4.0,4.0,4.0,3.5,4.0,4.0,4.0,4.0,4.0,3.5,1
279,280,1202164131,4.0,3.5,3.5,3.5,3.5,3.5,4.0,4.0,3.0,3.5,2.0,4.0,3.5,4.0,3.5,3.0,3.5,3.0,3.0,1
280,281,1202164136,3.5,3.5,3.5,4.0,3.5,3.5,4.0,4.0,3.5,3.5,2.5,4.0,4.0,3.5,2.0,3.5,3.5,2.5,2.0,1
281,282,1202164139,3.5,3.5,3.0,3.5,3.5,1.0,2.0,3.5,2.0,2.5,2.0,2.0,3.0,4.0,3.0,2.0,3.5,2.0,3.0,0
282,283,1202164140,4.0,4.0,3.0,4.0,4.0,2.5,3.5,3.5,3.0,4.0,2.5,3.5,3.5,4.0,3.5,4.0,3.5,3.5,3.5,1
283,284,1202164142,3.5,3.5,4.0,3.5,3.0,3.5,4.0,4.0,3.5,3.5,3.0,4.0,3.5,3.5,3.5,3.5,4.0,4.0,3.0,1
284,285,1202164143,3.5,4.0,4.0,4.0,4.0,4.0,4.0,4.0,3.5,3.5,3.0,4.0,4.0,3.5,2.0,3.0,3.5,3.5,3.5,1
285,286,1202164146,4.0,3.5,4.0,4.0,4.0,3.5,3.5,3.5,4.0,4.0,3.5,3.5,3.5,4.0,3.5,4.0,4.0,3.0,2.5,1
286,287,1202164147,3.5,3.5,3.5,3.5,2.0,3.0,3.0,3.5,2.0,2.5,2.0,2.0,2.5,4.0,2.5,2.5,3.0,2.0,2.5,1
287,288,1202164149,3.0,3.5,3.5,3.5,2.5,3.5,2.0,3.5,2.5,3.5,2.0,2.5,4.0,4.0,2.5,2.5,3.5,3.5,2.5,1
288,289,1202164150,3.5,4.0,4.0,3.5,3.5,3.0,2.5,4.0,3.5,4.0,3.5,4.0,3.5,3.5,3.5,3.5,4.0,4.0,3.5,1
289,290,1202164152,0.0,3.0,3.0,3.5,2.5,1.0,2.0,3.5,2.0,2.5,2.5,2.5,3.0,2.0,2.0,1.0,3.0,2.5,2.0,1
290,291,1202164156,4.0,4.0,3.0,4.0,4.0,3.5,4.0,4.0,4.0,4.0,2.5,4.0,3.5,4.0,3.5,4.0,4.0,3.5,3.5,1
291,292,1202164157,3.5,3.0,3.5,3.5,3.5,2.5,2.0,4.0,2.5,3.0,2.0,2.0,3.0,3.5,3.5,2.0,3.0,4.0,1.0,0
292,293,1202164158,3.0,4.0,3.5,3.5,2.5,2.5,3.0,4.0,3.5,3.5,2.0,3.0,2.0,3.0,3.5,3.5,3.5,4.0,2.0,1
293,294,1202164159,1.0,2.0,3.5,3.5,2.0,0.0,2.5,2.5,2.0,3.5,2.0,2.0,0.0,1.0,0.0,2.0,3.0,3.0,1.0,0
294,295,1202164161,3.5,3.5,3.5,3.5,3.5,3.0,3.0,3.5,3.5,3.0,3.5,3.5,2.5,3.5,3.5,3.0,3.0,3.5,2.0,1
295,296,1202164162,3.0,3.0,0.0,3.0,2.0,2.0,2.0,2.0,2.5,2.5,2.0,0.0,0.0,2.0,2.0,2.0,2.0,2.0,2.0,1
296,297,1202164164,0.0,0.0,0.0,0.0,0.0,0.0,3.0,2.0,0.0,3.5,0.0,0.0,0.0,0.0,0.0,0.0,0.0,0.0,2.0,0
297,298,1202164165,4.0,4.0,3.5,3.5,3.5,4.0,3.5,3.5,3.0,4.0,3.5,4.0,3.5,3.5,3.0,3.5,4.0,3.5,0.0,0
298,299,1202164166,2.0,3.5,3.5,2.5,2.0,3.5,3.0,4.0,2.5,3.0,2.0,1.0,3.0,4.0,2.5,2.5,2.5,3.5,2.0,1
299,300,1202164168,3.5,3.5,3.5,4.0,3.5,2.0,2.0,3.5,3.5,3.0,2.5,3.5,3.5,2.5,2.5,3.0,3.5,3.0,2.5,1
300,301,1202164172,4.0,4.0,4.0,4.0,4.0,4.0,4.0,4.0,2.5,4.0,2.0,4.0,4.0,4.0,4.0,4.0,4.0,3.5,3.5,1
301,302,1202164174,4.0,3.5,3.5,3.0,3.0,2.0,2.0,3.5,2.0,3.0,2.5,2.0,3.0,2.0,3.0,2.0,2.5,3.5,4.0,1
302,303,1202164176,3.0,3.0,3.5,3.5,3.5,2.0,3.5,3.5,2.0,3.0,2.5,3.5,3.5,2.5,1.0,3.5,3.5,2.5,2.0,1
303,304,1202164177,3.0,3.5,3.5,4.0,3.5,4.0,4.0,4.0,3.5,4.0,3.5,4.0,4.0,3.5,2.0,3.5,3.5,2.5,3.0,1
304,305,1202164181,2.5,3.5,0.0,3.5,2.0,1.0,1.0,1.0,2.5,3.5,2.0,0.0,2.5,0.0,0.0,2.5,0.0,2.0,2.0,0
305,306,1202164187,3.0,3.5,3.0,3.5,3.5,1.0,2.0,2.0,2.5,2.0,2.5,3.5,3.0,3.5,3.5,3.5,2.5,2.0,3.0,1
306,307,1202164188,3.5,3.5,3.5,3.5,2.0,3.0,3.0,2.5,2.0,3.5,2.0,3.5,2.5,4.0,3.0,3.0,3.5,2.5,3.0,1
307,308,1202164189,3.5,3.5,3.0,3.5,2.5,2.5,3.5,4.0,2.5,3.5,2.5,3.5,3.0,4.0,3.0,3.5,3.0,3.0,3.0,1
308,309,1202164193,4.0,3.5,4.0,4.0,4.0,4.0,4.0,4.0,4.0,4.0,4.0,4.0,4.0,3.5,3.0,4.0,4.0,4.0,2.5,1
309,310,1202164194,4.0,3.0,3.5,3.5,3.5,2.0,3.5,3.5,3.5,3.0,4.0,3.5,2.5,3.5,3.5,4.0,3.5,4.0,3.5,1
310,311,1202164199,0.0,0.0,0.0,0.0,0.0,0.0,3.5,2.0,0.0,3.5,2.0,0.0,0.0,0.0,0.0,0.0,0.0,0.0,3.5,0
311,312,1202164201,3.5,3.0,3.0,4.0,4.0,3.5,4.0,4.0,3.5,3.0,3.0,3.5,4.0,3.0,2.0,3.0,3.5,3.0,2.0,1
312,313,1202164203,3.5,3.5,4.0,3.5,3.5,4.0,4.0,4.0,3.5,4.0,3.5,4.0,3.5,4.0,2.5,3.5,4.0,2.5,3.0,1
313,314,1202164204,4.0,3.5,3.5,3.5,4.0,3.5,4.0,4.0,3.0,3.5,2.5,3.5,3.5,4.0,3.0,3.5,3.0,2.0,3.5,1
314,315,1202164207,4.0,3.5,4.0,3.5,4.0,3.0,4.0,4.0,4.0,4.0,2.0,3.5,3.5,3.5,3.5,4.0,3.5,4.0,3.0,1
315,316,1202164208,2.0,1.0,3.5,2.0,0.0,1.0,2.5,3.5,2.0,2.0,2.5,3.0,0.0,2.0,1.0,0.0,0.0,2.5,0.0,0
316,317,1202164209,2.0,2.0,3.5,3.5,3.5,0.0,1.0,3.5,2.0,2.5,2.5,2.5,3.0,2.0,1.0,1.0,2.5,2.0,1.0,0
317,318,1202164211,2.5,2.0,3.0,3.0,3.5,2.0,2.0,2.5,2.0,2.5,2.5,3.5,3.0,2.5,3.0,3.0,2.0,2.0,2.0,1
318,319,1202164213,4.0,4.0,3.5,3.5,4.0,3.5,4.0,4.0,4.0,3.5,3.5,3.5,3.5,4.0,4.0,4.0,4.0,3.5,3.5,1
319,320,1202164221,3.5,3.0,2.5,3.0,2.0,2.0,1.0,3.5,2.0,3.0,2.0,2.0,2.5,2.0,2.0,2.0,2.0,2.0,2.0,1
320,321,1202164223,3.5,3.5,4.0,3.5,3.0,3.5,3.5,4.0,3.5,4.0,2.5,3.5,3.5,3.0,3.5,3.5,4.0,4.0,2.5,1
321,322,1202164224,3.5,3.5,3.5,4.0,4.0,3.5,4.0,4.0,3.0,3.5,2.5,4.0,4.0,3.5,3.0,3.5,3.5,3.5,3.5,1
322,323,1202164225,4.0,3.0,4.0,4.0,3.5,3.5,3.5,4.0,3.0,4.0,3.5,4.0,4.0,3.5,2.5,4.0,3.5,3.0,3.0,1
323,324,1202164226,3.0,0.0,0.0,0.0,0.0,2.0,3.0,2.5,0.0,2.0,2.0,0.0,0.0,0.0,0.0,0.0,0.0,2.5,0.0,0
324,325,1202164230,3.0,3.5,3.5,3.5,3.5,3.0,3.5,3.5,3.0,3.5,2.0,3.0,3.5,4.0,3.0,3.5,3.0,2.5,3.0,1
325,326,1202164231,2.0,2.0,2.0,0.0,0.0,3.0,1.0,1.0,1.0,3.0,1.0,0.0,2.0,0.0,2.0,2.0,0.0,2.0,1.0,0
326,327,1202164233,3.0,3.0,3.5,4.0,3.0,1.0,3.5,3.5,3.5,3.0,2.5,3.5,3.5,3.0,1.0,2.5,3.0,3.0,2.5,1
327,328,1202164235,3.5,3.0,0.0,2.5,2.0,0.0,1.0,3.5,2.0,2.5,2.5,2.0,2.0,2.5,3.0,2.5,2.0,2.5,2.0,1
328,329,1202164238,4.0,3.0,3.5,3.5,2.5,2.0,2.5,3.5,2.5,3.5,2.5,3.0,3.0,4.0,2.5,3.0,3.5,2.5,2.5,1
329,330,1202164241,3.0,3.5,3.0,3.5,4.0,3.5,4.0,4.0,3.5,3.0,3.0,3.5,4.0,3.0,2.5,3.5,3.5,3.0,3.5,1
330,331,1202164242,3.5,3.5,4.0,4.0,3.5,3.5,3.5,4.0,3.5,3.0,3.0,3.0,4.0,3.5,2.0,3.5,3.5,2.5,3.0,1
331,332,1202164243,3.0,3.0,3.5,3.5,3.5,2.5,2.0,3.5,2.5,2.5,3.0,3.0,2.5,3.0,2.0,3.0,3.5,3.0,2.5,1
332,333,1202164244,3.0,3.5,3.5,4.0,3.5,2.0,2.5,3.5,3.0,3.0,3.0,3.5,3.5,3.5,3.0,3.5,3.0,2.0,3.0,1
333,334,1202164245,4.0,3.5,4.0,3.5,4.0,4.0,4.0,3.5,3.5,4.0,2.5,4.0,4.0,4.0,3.5,4.0,3.0,3.0,3.5,1
334,335,1202164249,2.5,3.5,4.0,3.5,3.5,1.0,3.0,3.5,3.0,3.5,2.5,3.5,4.0,3.0,2.0,3.5,4.0,3.5,2.5,1
335,336,1202164250,3.5,3.5,2.0,4.0,3.0,1.0,3.5,3.5,1.0,3.0,2.5,3.5,4.0,0.0,2.0,2.5,3.5,1.0,2.0,0
336,337,1202164254,2.5,3.5,2.0,3.0,3.0,3.5,2.5,3.5,2.5,2.0,3.0,2.5,3.5,3.0,2.0,2.5,3.5,2.0,3.0,1
337,338,1202164260,4.0,3.5,3.5,4.0,4.0,3.5,3.5,3.5,3.5,3.5,3.5,3.5,3.5,3.5,3.5,4.0,3.0,3.5,3.0,1
338,339,1202164261,3.5,3.5,3.5,4.0,3.5,3.0,2.5,4.0,2.0,3.0,3.5,3.5,3.5,4.0,3.0,3.5,3.0,2.5,2.5,1
339,340,1202164263,3.5,3.5,4.0,3.5,2.5,2.0,2.5,3.5,3.5,3.5,2.0,3.5,3.0,3.5,2.0,2.5,3.0,2.0,2.5,1
340,341,1202164270,3.5,3.0,4.0,3.5,2.0,3.0,2.5,3.0,2.5,3.5,2.0,3.0,2.5,4.0,3.0,3.5,3.0,2.0,2.5,1
341,342,1202164271,3.5,3.0,2.5,3.0,2.0,1.0,1.0,3.0,2.0,3.5,1.0,0.0,0.0,3.5,2.0,2.0,0.0,1.0,2.0,1
342,343,1202164272,4.0,3.5,3.5,3.0,2.0,2.0,1.0,3.0,2.0,2.5,2.0,0.0,3.5,3.0,2.0,2.0,2.5,3.0,1.0,0
343,344,1202164273,4.0,4.0,4.0,3.5,3.5,3.5,4.0,3.5,4.0,3.5,3.0,3.5,3.5,2.5,4.0,3.0,3.5,4.0,2.5,1
344,345,1202164275,2.0,3.0,3.5,3.5,3.5,0.0,1.0,3.5,3.0,2.5,2.5,3.0,3.0,2.0,2.0,2.0,3.5,2.0,2.0,0
345,346,1202164276,4.0,3.5,3.5,3.5,3.5,3.5,3.5,3.5,3.0,3.5,3.5,3.5,3.0,3.5,3.5,3.0,4.0,3.5,3.0,1
346,347,1202164279,2.5,3.0,3.0,3.5,3.0,2.0,3.0,3.0,2.5,2.0,2.5,3.5,3.5,3.0,2.0,2.5,3.5,2.0,2.0,1
347,348,1202164280,3.0,3.0,2.0,3.0,1.0,1.0,2.0,2.5,0.0,3.0,1.0,0.0,2.5,2.5,2.0,2.0,2.5,1.0,2.5,0
348,349,1202164284,3.5,3.5,3.5,3.5,3.5,2.5,3.5,4.0,0.0,4.0,3.5,3.5,3.5,3.5,2.5,4.0,4.0,3.5,2.5,0
349,350,1202164285,3.0,3.5,4.0,3.5,3.5,1.0,2.5,3.5,0.0,2.5,3.0,2.5,3.0,3.0,3.0,3.0,4.0,3.0,2.5,0
350,351,1202164286,3.0,3.5,3.0,3.5,3.5,2.5,3.5,3.0,0.0,3.5,2.0,4.0,3.5,3.5,3.5,3.0,3.5,2.5,3.0,0
351,352,1202164287,4.0,3.5,3.5,3.5,2.5,2.5,4.0,3.5,0.0,3.5,3.5,4.0,3.0,4.0,3.5,3.5,3.0,2.5,3.5,0
352,353,1202164289,4.0,3.5,3.5,3.5,3.0,3.5,3.0,4.0,0.0,3.0,2.5,3.0,4.0,4.0,3.0,2.0,3.5,4.0,2.0,0
353,354,1202164290,3.5,4.0,3.5,4.0,3.5,3.5,4.0,4.0,0.0,3.5,3.0,4.0,3.5,3.0,3.0,3.0,3.5,3.5,2.5,0
354,355,1202164298,0.0,0.0,0.0,0.0,0.0,0.0,1.0,0.0,0.0,1.0,1.0,0.0,0.0,0.0,0.0,0.0,0.0,0.0,2.5,0
355,356,1202164301,3.5,3.5,4.0,3.0,3.0,2.0,2.0,3.5,0.0,2.0,3.0,3.0,3.0,3.5,3.5,3.5,3.0,3.5,2.5,0
356,357,1202164302,3.5,2.5,3.5,3.5,3.0,1.0,2.0,2.5,0.0,2.5,2.0,2.0,3.0,3.0,3.5,2.5,2.0,2.0,2.0,0
357,358,1202164304,3.5,3.5,3.5,3.5,2.5,2.0,2.5,3.5,0.0,4.0,2.0,3.5,3.0,4.0,3.5,3.0,4.0,3.5,3.0,0
358,359,1202164305,4.0,3.5,3.5,3.0,0.0,2.5,2.0,3.5,0.0,3.5,2.5,0.0,0.0,4.0,3.5,0.0,0.0,2.5,3.0,0
359,360,1202164306,4.0,4.0,4.0,4.0,4.0,4.0,4.0,4.0,0.0,4.0,3.0,4.0,4.0,3.5,4.0,3.5,3.5,4.0,4.0,1
360,361,1202164307,2.5,3.5,3.5,3.5,3.5,2.0,2.5,3.5,0.0,3.0,2.5,3.5,3.5,2.5,2.0,3.0,3.0,3.5,3.0,0
361,362,1202164309,0.0,0.0,0.0,0.0,0.0,0.0,3.5,0.0,0.0,2.5,0.0,0.0,0.0,0.0,0.0,0.0,0.0,0.0,3.0,0
362,363,1202164311,2.0,2.5,0.0,3.0,0.0,1.0,2.0,2.0,0.0,2.0,2.0,0.0,0.0,0.0,0.0,0.0,0.0,0.0,0.0,0
363,364,1202164312,4.0,3.5,2.5,3.5,4.0,2.5,4.0,3.5,0.0,3.5,2.0,2.5,3.0,4.0,3.5,3.5,2.5,2.5,3.5,0
364,365,1202164314,3.5,3.5,3.5,3.5,3.5,4.0,3.5,3.5,0.0,3.5,3.0,4.0,4.0,3.5,2.5,4.0,4.0,3.0,0.0,0
365,366,1202164315,4.0,4.0,4.0,3.5,3.5,4.0,4.0,3.5,0.0,3.5,2.5,4.0,3.5,3.5,3.5,3.0,3.5,4.0,2.5,0
366,367,1202164317,1.0,0.0,2.0,0.0,0.0,0.0,2.5,2.5,0.0,2.5,3.0,2.5,2.0,0.0,0.0,0.0,0.0,0.0,2.5,0
367,368,1202164318,0.0,0.0,0.0,0.0,0.0,0.0,2.0,3.0,0.0,2.0,2.0,0.0,0.0,0.0,0.0,0.0,0.0,0.0,2.5,0
368,369,1202164323,4.0,4.0,3.5,4.0,4.0,3.5,3.0,4.0,0.0,4.0,3.0,4.0,4.0,4.0,4.0,4.0,4.0,4.0,3.0,1
369,370,1202164328,3.5,3.5,3.5,3.5,4.0,2.0,2.5,3.5,0.0,3.0,3.5,3.5,3.5,3.5,3.5,4.0,3.5,3.5,2.5,0
370,371,1202164329,3.5,3.5,4.0,3.0,3.5,2.0,2.5,3.5,0.0,3.5,2.5,2.0,3.0,3.5,3.0,3.5,3.0,2.5,2.5,0
371,372,1202164331,4.0,4.0,3.0,4.0,4.0,3.0,4.0,4.0,0.0,4.0,3.0,4.0,4.0,4.0,3.5,3.5,3.5,3.5,3.5,0
372,373,1202164334,3.0,3.5,3.5,4.0,3.5,1.0,2.0,3.5,0.0,2.5,2.5,3.5,4.0,3.0,2.0,3.0,3.5,3.5,2.0,0
373,374,1202164335,3.5,3.0,3.5,4.0,3.5,2.5,4.0,4.0,0.0,3.5,3.0,4.0,4.0,3.5,2.0,3.0,3.5,3.0,2.5,0
374,375,1202164344,3.0,0.0,0.0,3.0,3.0,0.0,2.0,1.0,0.0,2.0,3.5,0.0,0.0,2.5,3.5,2.0,2.0,3.0,1.0,0
375,376,1202164345,3.0,2.5,3.5,3.5,3.5,2.0,2.5,2.0,0.0,3.5,3.5,0.0,2.5,3.0,3.5,3.5,3.0,2.0,2.5,0
376,377,1202164346,3.5,0.0,0.0,3.0,0.0,1.0,0.0,1.0,0.0,2.0,2.0,2.0,0.0,2.5,2.5,2.5,0.0,2.0,3.0,0
377,378,1202164348,3.0,3.0,3.5,2.0,2.0,3.0,1.0,3.5,0.0,3.0,1.0,0.0,2.5,0.0,2.5,2.0,2.5,3.5,1.0,0
378,379,1202164349,2.0,3.5,3.5,3.5,2.0,2.0,2.0,3.5,0.0,2.5,1.0,0.0,3.0,2.0,3.5,2.5,3.0,3.5,2.0,0
379,380,1202164350,3.5,3.5,4.0,4.0,3.5,3.0,2.0,4.0,0.0,3.5,3.5,3.5,4.0,3.0,2.0,3.5,3.5,3.5,4.0,0
380,381,1202164351,2.5,2.5,3.5,3.5,3.0,0.0,2.0,3.0,0.0,2.0,2.0,2.5,3.0,1.0,1.0,2.0,2.5,2.0,0.0,0
381,382,1202164359,3.5,3.5,3.5,4.0,3.5,1.0,2.0,3.5,0.0,3.0,3.0,3.5,4.0,3.0,2.0,2.5,4.0,2.5,2.0,0
382,383,1202164361,0.0,0.0,0.0,0.0,0.0,0.0,1.0,3.5,0.0,3.5,2.5,0.0,0.0,0.0,0.0,0.0,0.0,0.0,2.0,0
383,384,1202164363,3.0,3.5,3.5,3.5,3.5,4.0,4.0,3.5,0.0,4.0,3.5,4.0,3.5,3.5,3.0,3.5,4.0,2.0,0.0,0
384,385,1202164364,4.0,3.5,4.0,4.0,4.0,3.0,2.5,4.0,0.0,4.0,2.0,3.0,3.5,3.5,3.5,3.5,2.5,2.5,2.5,0
385,386,1202164366,2.5,3.5,3.0,3.0,2.0,2.5,3.0,2.0,0.0,2.5,2.0,3.0,3.0,2.0,3.0,2.0,3.0,3.5,3.5,0
386,387,1202164367,2.5,3.5,4.0,4.0,3.0,2.5,2.0,3.0,0.0,2.5,2.5,3.0,3.5,2.0,1.0,2.0,3.5,2.5,1.0,0
387,388,1202164368,4.0,3.5,4.0,4.0,3.5,4.0,4.0,4.0,0.0,3.5,3.5,4.0,4.0,3.5,2.5,4.0,4.0,4.0,2.5,0
388,389,1202164371,3.5,3.5,3.5,2.5,3.5,2.5,3.5,4.0,0.0,3.5,4.0,3.5,3.0,2.0,3.0,3.5,4.0,2.0,3.0,0
389,390,1202164373,2.0,3.0,3.0,3.5,0.0,1.0,2.0,3.0,0.0,3.5,2.0,0.0,2.0,2.5,3.0,2.5,2.0,2.0,2.5,0
390,391,1202164374,3.5,3.5,3.5,3.5,3.5,3.5,3.0,3.5,0.0,3.0,2.0,3.0,4.0,3.5,3.0,3.5,3.5,4.0,2.5,0
391,392,1202164377,2.0,0.0,1.0,0.0,2.0,0.0,2.0,3.5,0.0,2.0,2.0,0.0,3.5,0.0,0.0,2.0,0.0,2.5,0.0,0
392,393,1202164379,0.0,0.0,0.0,0.0,0.0,0.0,2.0,0.0,0.0,2.5,2.0,0.0,0.0,0.0,0.0,0.0,0.0,0.0,0.0,0
393,394,1202164387,3.5,3.5,3.5,4.0,4.0,4.0,3.5,4.0,0.0,3.0,3.5,4.0,4.0,3.5,3.0,3.5,3.5,3.5,3.5,0
394,395,1202164388,0.0,0.0,0.0,0.0,0.0,0.0,1.0,1.0,0.0,2.5,2.0,0.0,0.0,0.0,0.0,0.0,0.0,0.0,3.5,0
395,396,1202164390,4.0,4.0,4.0,4.0,4.0,3.0,4.0,4.0,0.0,4.0,3.5,4.0,3.5,4.0,3.5,4.0,3.5,3.5,3.5,0
396,397,1202164391,4.0,3.5,3.5,4.0,3.5,4.0,4.0,4.0,0.0,3.5,4.0,4.0,4.0,4.0,3.5,4.0,4.0,4.0,0.0,0
397,398,1202164392,3.5,3.5,3.5,3.0,3.5,2.0,2.0,2.0,0.0,2.5,2.0,3.5,3.5,3.5,3.0,3.5,3.5,2.0,3.5,0
398,399,1202164393,0.0,3.0,3.0,2.5,0.0,0.0,1.0,2.0,0.0,2.5,2.0,0.0,0.0,0.0,2.5,0.0,0.0,0.0,2.0,0
399,400,1202164394,0.0,0.0,0.0,0.0,0.0,0.0,1.0,1.0,0.0,2.0,1.0,0.0,0.0,0.0,2.0,0.0,0.0,0.0,2.0,0
400,401,1202164395,2.5,4.0,3.5,3.5,2.5,2.0,3.0,3.5,0.0,2.5,2.0,3.0,3.5,2.5,3.5,3.0,3.5,3.5,2.5,0
401,402,1202164397,3.0,2.0,3.5,3.5,3.5,2.5,4.0,4.0,0.0,3.5,3.0,3.0,3.5,2.5,1.0,2.5,3.5,2.5,3.0,0
402,403,1202164399,3.0,3.0,3.5,3.0,3.0,2.0,2.0,3.0,0.0,3.0,3.0,2.0,2.5,2.5,3.0,2.5,3.0,2.5,3.0,0
