No,NIM,OOP,RPB,RPL,PI,APSI,WEB,Statistik,Matdis,Alpro,Strukdat,SE,PO,SCM,EA,Basdat,Manjarkom,Sisop,MSDM,Desjar,KSI
881,1202160002,4,3.5,0,4,3.5,4,3.5,3.5,3.5,3.5,4,3.5,3.5,4,3.5,3.5,4,3.5,3.5,0
882,1202160009,4,3.5,0,3.5,3.5,3.5,3.5,3.5,4,3.5,3.5,3.5,4,3.5,3.5,3,3.5,4,3.5,0
883,1202160010,0,0,0,0,0,0,0,0,0,0,0,0,0,0,0,0,0,0,0,0
884,1202160011,4,4,0,3.5,3.5,4,3,4,3.5,3,3.5,3,3.5,3.5,4,3.5,3.5,3.5,2.5,0
885,1202160013,3.5,3,0,3.5,2,2,2.5,4,3.5,2,3.5,2.5,2.5,3.5,3.5,2.5,2,1,4,0
886,1202160015,1,1,0,3.5,3.5,3,2,4,3.5,3,3,2.5,3.5,3.5,2.5,1,2,3.5,2.5,0
887,1202160019,3.5,2,0,2.5,3,3.5,1,3.5,4,1,0,2,0,2.5,3.5,2,2.5,1,2,0
888,1202160020,0,0,0,0,0,0,0,1,0,0,0,0,0,0,0,0,0,0,0,0
889,1202160023,3,3.5,0,3.5,3.5,3.5,2,3,3.5,3,3.5,3.5,3.5,3.5,3,1,2,3.5,3,0
890,1202160024,2,2.5,0,3.5,3.5,3,0,1,3.5,2.5,2,3,2.5,3,1,2,2,3.5,2.5,0
891,1202160028,3.5,3.5,0,3,3.5,2.5,2.5,3.5,3.5,2,2.5,2,2,3,3.5,3,3.5,2.5,2,0
892,1202160030,3.5,4,0,3.5,4,2.5,3.5,3.5,4,3,3.5,3,3.5,3,3,3,3.5,3.5,3.5,0
893,1202160034,3.5,2,0,3.5,2,4,2,2.5,3.5,3.5,3.5,2.5,2.5,3.5,2.5,3,4,3.5,3.5,0
894,1202160036,0,0,0,0,2,0,0,1,1,0,2,1,0,0,0,0,0,0,0,0
895,1202160041,4,3.5,0,3.5,3.5,4,3.5,4,4,3.5,3,4,4,3.5,4,3.5,4,4,4,0
896,1202160043,4,3.5,0,4,3.5,4,4,4,4,3,4,3,4,4,4,4,4,3.5,3.5,0
897,1202160044,4,3.5,0,3.5,4,3.5,3,3.5,4,2.5,3.5,2.5,3,3.5,4,3.5,4,3.5,2.5,0
898,1202160045,4,3.5,0,4,3.5,3,4,2,4,2.5,3.5,3.5,4,4,3.5,4,3.5,3.5,4,0
899,1202160046,4,3.5,0,3.5,4,3.5,3.5,3.5,4,3.5,3.5,3,3.5,3.5,4,3.5,4,3.5,4,0
900,1202160047,3.5,3.5,0,3.5,4,3.5,2,3,4,3,3.5,3.5,3.5,4,3.5,2,3.5,4,3.5,0
901,1202160048,4,3.5,0,4,4,3.5,4,4,4,3.5,4,3.5,4,4,4,3,3,3.5,3.5,0
902,1202160050,4,4,0,4,4,4,4,4,4,3.5,4,4,4,4,4,3,4,4,3.5,0
903,1202160051,3.5,4,0,3.5,3.5,3,3,4,3,2.5,3.5,3,3.5,3.5,4,3.5,3.5,4,2,0
904,1202160052,3,3.5,0,3.5,3.5,2,2,2.5,3,3,3.5,2,3.5,3.5,3.5,3.5,3,2.5,3,0
905,1202160053,0,0,0,0,0,0,2.5,2,2.5,0,2.5,2,0,0,0,2,0,0,2,0
906,1202160054,4,4,0,4,4,3,3.5,4,4,3.5,4,3.5,3.5,4,3.5,3.5,3.5,3.5,4,0
907,1202160055,2.5,2.5,0,3.5,3.5,3.5,2.5,2.5,4,3,3,2.5,3.5,3.5,3,2,2.5,2.5,3,0
908,1202160057,4,3.5,0,3.5,4,4,3.5,4,3.5,4,4,3.5,4,3.5,3.5,4,3.5,3.5,3.5,0
909,1202160059,4,3.5,0,4,3.5,3.5,3,4,3.5,2.5,3,2,3.5,3.5,4,3.5,3.5,4,3,0
910,1202160061,4,4,0,3.5,3.5,3.5,3.5,4,3.5,2.5,3.5,2,3.5,4,4,4,3.5,4,4,0
911,1202160062,3.5,3.5,0,4,3.5,3,2.5,4,4,3.5,3.5,2.5,3,3.5,3.5,3,3.5,3.5,4,0
912,1202160063,4,4,0,4,4,4,4,4,4,3.5,4,3.5,4,4,4,2,3.5,4,3.5,0
913,1202160066,3.5,3.5,0,3.5,3.5,3.5,2.5,2,3,2.5,3.5,3,3,3.5,3.5,3,3.5,3,2.5,0
914,1202160067,0,0,0,0,0,0,0,4,3.5,0,3.5,1,0,0,0,0,0,0,2,0
915,1202160070,3.5,3.5,0,3.5,3.5,2.5,3,3.5,4,3,3,2,3.5,3.5,2.5,2,2.5,3.5,4,0
916,1202160074,4,3.5,0,3.5,3.5,4,3.5,3.5,3.5,4,3.5,3.5,4,3.5,3.5,3.5,3.5,3.5,3,0
917,1202160076,0,0,0,0,0,0,0,0,0,0,0,0,0,0,0,0,0,0,0,0
918,1202160080,2.5,3,0,3,3.5,3,0,2,3.5,2.5,3,2.5,2.5,3.5,2.5,1,2,3,2,0
919,1202160082,4,3.5,0,3.5,3.5,3.5,1,2,3,3.5,3.5,3.5,3.5,3.5,3.5,3,4,3.5,3,0
920,1202160083,3.5,3.5,0,3.5,3.5,3.5,2.5,2.5,2,2.5,3,2.5,3.5,3,3.5,3.5,3.5,3.5,2,0
921,1202160084,3,2.5,0,2,3,1,1,2.5,3.5,2,3,2,2,2,3,2.5,2,2,1,0
922,1202160086,3.5,4,0,3.5,3.5,3,3.5,4,4,3,3.5,3,3.5,4,3.5,3,3.5,3.5,4,0
923,1202160088,2,3,0,3,3.5,2,0,2,3.5,2,2.5,2,3.5,3,2,2,2.5,2.5,2,0
924,1202160089,3.5,3.5,0,3.5,3.5,3.5,3.5,3.5,3.5,3.5,2.5,3.5,3.5,3.5,3.5,3,3.5,3.5,3.5,0
925,1202160093,3.5,3.5,0,3.5,2.5,3,3.5,2.5,3.5,2.5,3.5,3,3,4,3.5,3.5,3,3,3.5,0
926,1202160095,2,0,0,2,0,0,1,2,3.5,3,3,2.5,1,2.5,0,0,0,2,3,0
927,1202160096,3,2,0,3.5,3.5,3.5,4,3.5,3.5,2.5,3,3,4,3.5,2.5,2,2.5,3.5,2,0
928,1202160098,4,3.5,0,3.5,4,4,3.5,3.5,3.5,4,3.5,3.5,4,3.5,3.5,3.5,4,3.5,3.5,0
929,1202160101,4,3.5,0,3.5,3.5,2.5,2,2.5,3.5,2.5,3,2.5,3.5,4,4,3.5,3,4,4,0
930,1202160103,3.5,4,0,4,4,3.5,3.5,4,4,3.5,4,3,4,4,3.5,2.5,3.5,3.5,3.5,0
931,1202160105,4,4,0,4,4,4,2.5,4,4,3.5,4,4,3.5,3.5,4,3.5,3.5,3.5,3.5,0
932,1202160107,3.5,2.5,0,3.5,3.5,2.5,2.5,3.5,3.5,2.5,3.5,2.5,3.5,3,2,3.5,2.5,3.5,2,0
933,1202160110,2.5,3.5,0,4,3.5,2.5,3.5,3,3,3,4,2.5,2,3.5,2.5,3.5,3,4,4,0
934,1202160111,3.5,3.5,0,3.5,4,3.5,4,4,4,3,4,3.5,4,4,3.5,3,3.5,4,4,0
935,1202160112,3.5,3,0,3.5,4,3.5,2.5,3.5,3.5,3.5,3,3,3.5,3.5,3.5,2,3.5,4,3,0
936,1202160117,4,4,0,4,3.5,4,3,4,4,3.5,4,3,3.5,4,4,3.5,4,4,4,0
937,1202160118,3,3.5,0,4,3.5,2,3,3.5,4,3.5,3.5,3,3.5,3.5,3.5,3.5,3.5,3.5,4,0
938,1202160120,3.5,3.5,0,3.5,4,3.5,4,3.5,4,3.5,3.5,3.5,3.5,4,3.5,1,3.5,4,3,0
939,1202160121,3.5,3,0,3.5,3.5,3.5,3,2.5,3.5,2,2.5,2.5,3.5,3,3.5,3.5,3,3,2.5,0
940,1202160124,3.5,3.5,0,2.5,3.5,3,2.5,3.5,3.5,3,3.5,2,3.5,3,3.5,2.5,3,3,2,0
941,1202160126,3.5,4,0,4,3.5,2,4,3.5,4,3.5,3,2,2.5,3.5,3.5,3.5,3.5,3.5,4,0
942,1202160127,3.5,3.5,0,3.5,4,3.5,3.5,4,4,3.5,3.5,3,3.5,3.5,3,3,3,3.5,3.5,0
943,1202160130,3.5,3,0,3.5,3,3.5,3,4,3,3.5,3.5,3,3.5,3.5,3.5,2.5,3.5,3.5,2.5,0
944,1202160132,4,3.5,0,3.5,3.5,3.5,3,4,3.5,3,3.5,2.5,3.5,3.5,4,3.5,4,3.5,3.5,0
945,1202160133,4,4,0,4,3,3.5,3.5,4,3.5,2.5,3.5,3,3.5,4,4,3.5,3,3.5,4,0
946,1202160134,3,3.5,0,3.5,2.5,2,2,2.5,3.5,2,3.5,1,0,2,2.5,3.5,3.5,3.5,3.5,0
947,1202160135,3.5,4,0,4,4,3.5,4,4,3.5,3.5,4,3,4,4,3.5,1,2.5,3.5,3.5,0
948,1202160138,3.5,3.5,0,4,3.5,3.5,3.5,3.5,3.5,3,3,3,3.5,3.5,3.5,3,3.5,3,2.5,0
949,1202160141,3.5,2.5,0,3,2,2,2,1,3.5,2,2,2.5,1,3,3,2.5,2,3,3,0
950,1202160145,3.5,2.5,0,3.5,3.5,3.5,2,3,4,3.5,3.5,4,3.5,2.5,3.5,4,4,3.5,4,0
951,1202160148,3.5,3.5,0,3.5,3.5,2.5,2.5,2,3.5,2.5,3,2,3.5,2,3.5,3,3,3,2,0
952,1202160151,3.5,3.5,0,3.5,4,3.5,4,4,3.5,3.5,3.5,3,4,4,3.5,2,3.5,3.5,3.5,0
953,1202160153,3.5,0,0,1,2,0,1,4,3,1,3.5,2,0,0,1,2,0,0,3,0
954,1202160154,3,3.5,0,3.5,3.5,3.5,2,3,3,3,3.5,3,2.5,3.5,3,3,3.5,3.5,2,0
955,1202160155,4,4,0,4,3.5,3.5,2.5,3,2,2.5,3,2.5,3.5,3.5,4,3,3.5,3.5,3,0
956,1202160160,2.5,3,0,3.5,4,3,2,4,4,3,3,2.5,3.5,3.5,3.5,1,2.5,3.5,2.5,0
957,1202160167,3.5,4,0,3.5,3.5,3.5,2.5,3,4,2,3.5,3,3,3,2.5,2.5,3.5,3.5,4,0
958,1202160169,2.5,3.5,0,3,4,3,0,2,3.5,3,2.5,2,2.5,3.5,2.5,1,2,3,2,0
959,1202160171,3.5,3.5,0,3.5,4,3.5,2,2.5,3.5,2.5,2.5,3,4,3,4,3,3.5,3,2.5,0
960,1202160173,4,3.5,0,3,3.5,3.5,2.5,3.5,3.5,3,3.5,2,3,3.5,3.5,3.5,3,3.5,3,0
961,1202160178,3,3.5,0,3.5,4,3.5,3,3,3.5,2.5,3,3,4,3.5,3.5,3,3,4,3.5,0
962,1202160179,3,3,0,3.5,3.5,3.5,2.5,4,2.5,3.5,3.5,3,4,3.5,4,3.5,3.5,3.5,3,0
963,1202160180,3.5,3,0,3.5,3,3,2,2,2,2,3,2,3.5,3,3.5,2.5,3.5,0,2,0
964,1202160182,3.5,4,0,3.5,3.5,3.5,3.5,3.5,4,2.5,3.5,3,3.5,4,4,3.5,2.5,3.5,3.5,0
965,1202160183,3,0,0,2,3.5,2,2.5,2,2,2,2,1,3,2.5,2,3.5,2,2,3.5,0
966,1202160184,4,3.5,0,4,4,3.5,3.5,3.5,4,3.5,3.5,3.5,3.5,4,4,2,4,3.5,3.5,0
967,1202160185,3.5,2.5,0,3.5,4,4,3,3,4,3.5,3,3.5,3.5,4,3,3,3.5,3.5,2.5,0
968,1202160186,3.5,3,0,3.5,3,3,2,2.5,3.5,3.5,3,3.5,3.5,3.5,2.5,3.5,2.5,3.5,3.5,0
969,1202160190,3,3.5,0,2,3,2,3,2,3.5,2,3,2,1,2.5,3.5,3.5,2,2,3.5,0
970,1202160191,0,0,0,0,0,0,0,0,0,0,0,0,0,0,0,0,0,0,0,0
971,1202160192,2.5,3.5,0,3.5,4,2.5,2.5,3,3.5,3.5,2.5,2.5,0,3.5,2.5,2,2,2.5,3,0
972,1202160195,3,2,0,3.5,3.5,0,1,2.5,3,2,3,2.5,0,0,1,2,0,0,2,0
973,1202160196,3.5,3.5,0,0,3.5,3.5,2,2,3.5,2.5,3.5,2.5,3.5,3,4,3,2.5,3,2.5,0
974,1202160197,4,3.5,0,3.5,3.5,3.5,2,4,4,4,3.5,2.5,3.5,2,4,3,4,2,3,0
975,1202160200,3.5,3,0,3.5,3.5,4,3,2.5,4,3.5,3.5,3.5,3,3.5,3,2,3.5,3.5,4,0
976,1202160202,4,4,0,4,4,4,2,4,4,3.5,3.5,2,3.5,3.5,3.5,3.5,3.5,3.5,3.5,0
977,1202160205,4,4,0,4,4,4,3,4,3.5,4,3.5,2.5,3.5,4,4,4,4,3.5,3.5,0
978,1202160206,3.5,3.5,0,3.5,2.5,2,3,2,3.5,2,3,2,0,3,3,2.5,2,2.5,3.5,0
979,1202160210,3.5,3,0,0,3.5,3.5,1,3.5,4,2.5,3,3,3,3,3,3.5,2,3,2.5,0
980,1202160212,3.5,3.5,0,3.5,3.5,2.5,3,3,3.5,2.5,3,3,3,3.5,4,3,3,3,2,0
981,1202160214,4,4,0,4,3.5,4,3,2.5,4,4,3,2.5,3.5,4,4,3.5,3.5,3.5,4,0
982,1202160215,4,4,0,3.5,3.5,3,4,4,4,3.5,3.5,3,4,4,3.5,3.5,3.5,4,4,0
983,1202160216,3,3.5,0,3.5,4,4,2.5,3.5,4,3.5,3,2.5,3.5,3.5,3,2,3,3.5,3.5,0
984,1202160217,0,0,0,0,0,0,0,3.5,3.5,0,3.5,3,0,0,0,0,0,0,0,0
985,1202160218,0,0,0,0,0,0,0,4,3.5,0,3.5,3.5,0,0,0,0,0,0,0,0
986,1202160219,0,0,0,0,0,0,0,2.5,3,0,3.5,2.5,0,0,0,0,0,0,0,0
987,1202160222,4,3.5,0,3.5,3.5,3.5,4,4,4,2.5,3.5,2.5,3,4,4,3.5,3,2.5,4,0
988,1202160227,0,0,0,0,0,0,0,2,3,0,3,2,0,0,0,0,0,0,0,0
989,1202160229,4,3.5,0,3.5,3.5,3.5,2,2.5,2.5,3.5,3.5,3.5,3.5,3.5,4,3.5,3.5,3,2,0
990,1202160232,0,3.5,0,3,3,0,2.5,3.5,2.5,2,2.5,2,2.5,0,2,2.5,0,0,3,0
991,1202160234,2.5,3,0,3.5,3.5,3,3,3.5,3.5,3.5,2.5,2.5,4,3.5,3,3.5,3.5,3.5,3,0
992,1202160236,3.5,3,0,3.5,3.5,3.5,2.5,3,3,3.5,3,3.5,3.5,3.5,2.5,3.5,3.5,3.5,2.5,0
993,1202160237,3.5,3.5,0,3.5,3.5,2.5,2.5,2,3.5,2.5,3,2,3.5,2.5,4,3.5,2,3.5,2.5,0
994,1202160240,2.5,3.5,0,3.5,3.5,2.5,2.5,1,3.5,3.5,3.5,2,3,3.5,2.5,3,3,4,4,0
995,1202160247,0,0,0,0,0,0,0,0,1,0,2.5,0,0,0,0,0,0,0,0,0
996,1202160248,3.5,4,0,3.5,4,3,3.5,4,4,3.5,2.5,2,4,3.5,3,3.5,3.5,3.5,4,0
997,1202160251,4,4,0,4,4,4,3.5,4,4,4,4,4,4,3.5,3.5,3.5,4,4,3.5,0
998,1202160253,4,3.5,0,4,4,4,3.5,4,4,4,3.5,3.5,3.5,3.5,4,3.5,4,3.5,3.5,0
999,1202160255,3,3.5,0,2.5,3.5,3.5,0,1,2.5,3,2,2,1,2,0,3.5,3.5,2.5,2,0
1000,1202160256,3.5,4,0,4,3.5,3.5,3.5,4,3.5,2.5,3.5,3.5,3.5,4,4,3.5,3.5,4,3.5,0
1001,1202160257,2,3,0,2,2,2,2.5,1,3.5,3,2.5,2,0,2.5,1,2.5,2,3,3,0
1002,1202160258,3.5,3.5,0,4,4,4,4,3.5,4,3.5,3.5,3.5,4,4,3.5,3,3,4,3.5,0
1003,1202160262,3,2.5,0,0,3,2,0,2.5,2,2.5,2.5,3,2.5,2,3,2,2,2.5,2,0
1004,1202160264,4,4,0,4,3.5,3.5,3.5,2,4,3.5,4,3.5,3,3.5,4,4,3.5,4,4,0
1005,1202160265,2.5,0,0,2,2.5,0,2,2,4,2,3.5,2,2,0,0,2.5,0,0,3,0
1006,1202160266,3.5,3.5,0,3.5,4,4,2,3,3.5,3.5,3,2.5,3,3.5,2,2,3,3.5,3,0
1007,1202160267,3,2.5,0,3.5,4,3.5,1,1,3.5,3,2.5,2.5,2.5,3.5,3,2.5,2.5,3.5,2.5,0
1008,1202160268,3.5,3,0,3.5,3,3,2,2.5,3.5,3,2.5,3.5,3,3,3,3,2,3,3,0
1009,1202160269,3.5,3,0,3.5,3.5,4,2,2,2.5,3,3,2.5,3,3.5,3,3.5,3,3.5,2.5,0
1010,1202160277,3.5,3.5,0,4,3.5,4,3.5,4,4,3.5,3.5,3,4,3.5,3.5,3,4,3.5,2.5,0
1011,1202160278,2.5,2,0,3.5,3.5,2,1,1,2,3,2,1,2,2,3.5,2.5,2,2,2,0
1012,1202160281,4,3.5,0,3.5,3.5,2.5,3,1,4,3,3.5,2.5,2.5,3.5,4,3.5,3,3.5,3.5,0
1013,1202160282,3.5,4,0,4,3.5,2.5,3.5,4,4,3,3.5,3,4,4,3.5,3,3,4,3.5,0
1014,1202160283,4,4,0,3.5,4,4,3.5,4,4,4,3.5,2.5,3.5,3.5,3.5,2.5,3.5,3.5,3.5,0
1015,1202160288,4,4,0,3.5,4,2.5,4,4,4,4,4,3.5,4,3.5,4,3.5,3.5,4,3.5,0
1016,1202160292,3.5,3.5,0,3.5,4,3.5,4,3.5,4,3.5,3.5,3.5,3.5,4,3.5,3,3,3.5,3.5,0
1017,1202160293,4,3.5,0,4,4,4,4,4,4,4,4,4,4,3.5,3.5,3.5,4,4,3.5,0
1018,1202160294,4,3.5,0,3.5,3.5,4,4,3,4,3.5,3.5,3,4,3.5,4,4,4,3.5,3.5,0
1019,1202160295,3,2.5,0,0,3,2.5,1,0,2,1,2.5,2,1,3,3,3,3.5,3,2,0
1020,1202160297,0,0,0,0,1,0,2,2,3,0,2,2,0,0,0,2,0,0,2,0
1021,1202160299,2.5,3.5,0,3,3.5,3.5,1,3.5,2.5,3,3,2.5,3,3.5,2.5,2,3,3.5,3,0
1022,1202160300,2.5,3.5,0,3.5,4,3,1,2.5,3.5,3.5,3,3,3.5,3.5,3,1,3.5,3.5,2.5,0
1023,1202160303,4,4,0,4,3.5,4,4,4,4,4,4,3.5,3.5,3.5,4,3.5,4,3.5,3.5,0
1024,1202160308,3.5,3,0,0,3.5,2,0,2.5,3.5,3,2.5,2.5,3,2.5,2,1,2,2,2,0
1025,1202160313,2,0,0,3,0,1,2,2,1,0,3.5,2.5,2,2,2,2,2,1,3,0
1026,1202160316,3.5,3,0,3.5,4,3.5,2.5,3,4,3,3.5,3,3,4,2.5,2,3.5,3,3.5,0
1027,1202160320,3,3,0,2,3.5,3,3.5,3,3.5,2.5,3,3,3,3.5,2,2,2.5,3.5,3,0
1028,1202160321,3.5,3,0,3.5,2,3.5,3,2.5,3.5,3.5,3.5,3,3,2.5,2.5,2.5,3.5,3,2.5,0
1029,1202160322,3,3.5,0,3,3,3.5,1,3.5,2,2.5,3.5,2,2,3,3.5,3,3.5,3.5,2.5,0
1030,1202160324,3.5,3.5,0,4,3.5,2.5,3,1,3.5,2,3.5,3,3.5,4,4,3.5,3,3.5,4,0
1031,1202160325,4,4,0,4,3.5,2,3.5,4,4,3,3.5,2.5,3.5,4,2.5,3.5,3.5,4,4,0
1032,1202160326,3.5,3.5,0,3.5,4,3.5,2,3.5,3,2.5,3.5,3.5,0,3.5,3.5,1,2.5,3.5,3.5,0
1033,1202160327,2.5,2.5,0,3.5,3.5,3.5,0,1,2.5,3.5,3,2.5,3.5,3.5,3,2,2,3,2,0
1034,1202160330,2,1,0,0,3,1,1,2,3.5,1,2,2,2,0,0,2,2,0,2,0
1035,1202160332,4,3.5,0,4,3.5,2,3.5,2,3.5,3,3.5,2.5,2,4,3.5,3,2.5,3,3.5,0
1036,1202160333,3,3.5,0,3.5,3.5,2.5,3,2.5,3.5,2,3.5,2.5,3.5,0,2.5,3,2.5,3.5,3.5,0
1037,1202160338,2,2.5,0,2,3,0,1,1,2.5,2,2.5,2,3,0,1,0,1,2,2,0
1038,1202160339,3.5,3.5,0,3.5,3.5,3.5,2,3,3.5,2.5,3.5,2,2,3.5,4,3.5,3.5,3.5,2.5,0
1039,1202160340,4,3.5,0,3.5,2,3.5,2.5,3.5,3.5,3.5,3.5,3,3,3.5,4,3.5,3.5,4,3.5,0
1040,1202160341,3.5,3.5,0,3.5,3.5,2.5,3.5,3,2.5,3,3.5,3,4,4,2.5,3,3,4,4,0
1041,1202160342,2.5,3.5,0,3.5,3.5,3.5,3,3.5,3.5,2.5,3,2.5,3.5,3.5,2.5,2,2.5,2,3,0
1042,1202160347,1,0,0,0,0,0,0,2,1,1,3,1,0,0,0,2,1,0,0,0
1043,1202160352,0,0,0,0,0,0,0,0,0,0,0,0,0,0,0,0,0,0,0,0
1044,1202160353,3.5,3,0,3.5,4,3.5,3.5,4,3.5,3.5,3.5,3,3,3.5,3.5,3.5,3.5,3.5,3,0
1045,1202160354,0,0,0,0,0,0,0,1,2,0,0,0,0,0,0,0,0,0,0,0
1046,1202160355,1,0,0,0,0,0,0,1,1,1,2.5,1,0,0,0,2,1,0,0,0
1047,1202160357,0,0,0,0,0,0,0,0,0,0,1,0,0,0,0,0,0,0,0,0
1048,1202160358,3.5,3.5,0,3.5,3.5,3.5,2.5,3.5,3.5,3.5,2.5,3,3,3.5,3,1,3.5,2.5,3,0
1049,1202160360,3.5,3,0,3.5,3.5,3.5,2,2.5,3.5,3.5,2.5,3,3.5,3,3.5,2.5,3,3.5,3,0
1050,1202160362,2.5,2,0,2,2.5,1,3,1,1,1,2,1,0,2,0,2,2,0,2,0
1051,1202160365,4,3.5,0,3,2.5,3,3.5,3.5,3.5,3,3,2.5,3,4,3.5,3,3.5,3.5,3.5,0
1052,1202160370,3,2.5,0,2,3,3.5,2,3,3.5,3.5,2.5,3,2.5,3.5,2,1,2,4,2.5,0
1053,1202160372,4,4,0,4,3.5,3.5,3.5,4,4,4,4,3.5,4,4,4,4,4,3.5,3,0
1054,1202160375,2,3.5,0,3,3.5,2,2.5,3.5,2,0,2,2,0,3,2.5,2.5,2.5,2.5,3.5,0
1055,1202160380,4,2,0,3,2.5,4,1,2.5,4,2,3,3.5,2,0,1,2,2.5,0,3.5,0
1056,1202160381,3,2.5,0,3.5,3,3.5,2,3.5,3.5,2,3.5,2.5,3.5,3,3.5,3.5,4,2.5,2,0
1057,1202160382,4,3.5,0,3.5,3.5,3.5,4,4,4,3.5,4,3.5,3.5,3.5,3.5,4,4,3,3,0
1058,1202160383,3.5,3.5,0,3.5,3.5,3,2,2,3.5,2,3.5,2.5,3.5,3.5,4,3,3,3.5,2,0
1059,1202160385,4,3.5,0,4,3.5,3.5,3.5,4,4,3.5,3.5,2.5,3.5,3.5,3.5,3,3,3.5,4,0
1060,1202160396,1,3,0,3,2,2.5,2,2,2.5,3,2,3,2,0,1,0,2,2,2.5,0
1061,1202160398,3,2.5,0,2.5,2.5,2.5,1,2.5,3.5,2,2.5,3.5,1,2,2,3,2,2.5,2,0
1062,1202160400,1,0,0,2,2,0,2,0,1,1,1,2,0,0,0,0,0,0,3.5,0
1063,1202161228,4,4,0,4,4,3.5,3.5,4,4,3.5,4,3.5,4,4,3.5,4,3,3.5,4,0
1064,1202162004,3,3.5,0,2,3.5,1,3,2.5,3.5,1,3.5,2,2,2.5,3.5,3.5,3,2.5,2.5,0
1065,1202162006,3.5,4,0,4,3.5,3,3.5,4,3.5,2,3.5,2.5,4,3.5,3.5,3,3.5,4,4,0
1066,1202162042,4,3.5,0,3.5,3.5,3.5,3,4,3,3,3.5,3.5,4,3.5,3.5,3.5,3.5,3.5,2.5,0
1067,1202162097,3.5,3.5,0,3.5,3,3.5,2,2,3.5,3,2.5,3,3.5,2.5,2.5,3,3.5,1,3,0
1068,1202162137,4,3.5,0,3.5,3.5,3.5,3.5,4,4,3.5,3,3.5,3.5,3.5,3.5,3.5,3.5,4,3.5,0
1069,1202162144,3.5,3.5,0,3.5,4,4,3.5,4,4,3.5,4,3.5,4,4,4,2.5,4,4,3,0
1070,1202162175,4,4,0,4,3.5,2.5,3.5,4,4,3.5,3.5,3,4,4,3.5,4,4,4,4,0
1071,1202162198,0,0,0,0,0,0,0,0,0,0,0,0,0,0,0,0,0,0,0,0
1072,1202162252,4,3.5,0,3.5,3.5,3.5,3.5,2,2.5,3,2.5,2.5,3,3.5,3.5,4,3.5,3,2.5,0
1073,1202162274,4,2,0,3,4,2.5,3,3.5,4,3.5,4,2.5,4,4,2.5,3,3.5,3.5,3.5,0
1074,1202162310,3.5,3,0,3.5,3,3,2,2,3,3.5,3,3,3,3.5,3.5,3.5,3.5,3.5,2,0
1075,1202162319,3,3.5,0,2,3.5,3,3.5,3,2.5,2.5,3.5,3,4,3.5,3.5,2,3.5,3.5,3,0
1076,1202162336,4,3.5,0,3.5,3.5,3.5,1,3.5,4,4,2.5,3.5,1,3.5,3.5,3.5,3.5,3.5,3,0
1077,1202162337,4,3.5,0,3,3.5,3.5,3,2.5,3,3.5,3.5,2.5,3.5,3,3.5,3,3.5,3.5,3,0
1078,1202162343,4,4,0,4,4,4,4,4,4,4,4,4,4,4,4,3.5,4,4,4,0
1079,1202162356,3.5,3,0,3.5,2.5,3,2,1,3.5,2,2.5,2,0,3,3,3,3,2.5,3.5,0
1080,1202162369,3,3,0,0,3,3,1,3.5,2.5,2,3,2.5,2,2.5,1,2,2.5,3.5,2.5,0
1081,1202162376,3,3,0,2.5,3.5,3.5,3,3,3.5,2.5,3.5,3,3.5,3.5,2.5,2,3.5,4,2.5,0
1082,1202162378,3,2.5,0,1,3,3,2,3,3,2,2.5,3.5,3.5,3.5,2,2,3,3.5,2,0
1083,1202162384,3.5,3.5,0,3.5,2.5,2,3,4,4,2.5,3.5,3,2,4,4,3,0,3.5,3.5,0
1084,1202162386,2.5,3.5,0,2.5,3,1,1,2,3,2,2,2,2.5,3.5,3.5,2,2,3.5,2,0
1085,1202162389,3.5,3.5,0,3.5,3.5,3.5,2,3,3.5,3,3,3.5,2.5,3,3.5,2,2.5,1,3,0
1086,1202163018,4,3.5,0,3.5,3.5,3.5,4,4,3.5,3.5,3.5,3.5,4,3.5,4,3.5,4,3.5,3.5,0
1087,1202163060,3,3.5,0,2.5,3.5,2.5,1,2,3.5,2,3.5,2,0,2.5,3.5,3,2,2.5,2,0
1088,1202163099,3,3.5,0,3.5,3.5,3,2,2,2,2,2.5,2.5,3,3.5,3.5,2,3,3,2,0
1089,1202163104,2.5,3.5,0,3.5,4,3.5,0,2,3,3.5,3,2.5,4,3.5,3.5,2,2.5,3.5,2.5,0
1090,1202163115,3.5,3.5,0,3.5,3.5,4,2.5,3,3,3,2.5,2,3.5,3.5,4,3.5,4,3.5,2.5,0
1091,1202163119,3.5,3.5,0,3.5,3.5,4,1,3.5,4,3.5,3.5,2.5,3.5,3.5,3.5,2.5,3.5,3.5,3.5,0
1092,1202163163,4,3.5,0,3.5,3.5,3.5,3.5,4,3.5,3,3.5,3,4,3.5,4,3.5,3.5,3.5,2.5,0
1093,1202163170,3,3.5,0,3.5,3.5,2.5,2,3,3.5,2.5,2,3,3,3,3,3.5,3,2,2.5,0
1094,1202163220,0,0,0,0,3,0,0,0,1,0,3.5,3,0,0,0,0,0,0,2,0
1095,1202163239,4,3.5,0,2.5,2.5,3,3.5,3,3.5,2.5,3,2.5,2,3.5,3,3,3,3,3.5,0
1096,1202163246,4,3.5,0,3,3.5,3.5,3,3.5,4,2,3.5,2,3,3.5,4,3.5,3.5,3.5,3,0
1097,1202163259,3.5,3.5,0,4,4,3.5,3.5,4,4,4,3.5,2.5,4,4,3.5,4,4,3.5,3.5,0
1098,1202163291,3,3,0,2.5,1,0,1,2.5,2.5,2,3.5,2.5,2,2.5,1,1,0,2,3,0
1099,1202163296,3.5,3.5,0,3,3.5,2,3.5,3.5,3.5,2,3.5,2.5,2.5,3,4,3.5,3.5,3,2,0
1100,1202163401,0,0,0,0,0,0,0,0,0,0,0,0,0,0,0,0,0,0,3.5,0
1101,1202163402,0,0,0,0,0,0,0,0,0,0,0,0,0,0,0,0,0,0,3.5,0
1102,1202164001,4,3.5,0,3.5,4,3.5,3,3.5,4,3.5,3.5,3.5,3.5,3,4,3.5,3.5,3.5,3.5,0
1103,1202164003,2,3,0,3,3.5,2.5,2,2,2,2,2.5,2,2,2.5,3,2.5,3.5,3.5,2,0
1104,1202164005,4,3.5,0,3.5,3,2,3.5,2,3.5,2,3,2,2.5,3,4,3.5,2.5,3,3.5,0
1105,1202164007,3.5,3.5,3.5,3.5,4,3.5,1,3.5,3.5,3.5,3,3.5,3.5,4,3.5,3.5,3.5,3,3.5,0
1106,1202164008,0,0,0,0,0,0,0,0,0,0,0,0,0,0,0,0,0,0,0,0
1107,1202164012,3.5,3.5,3.5,3.5,3.5,3.5,2.5,3.5,3.5,3,3.5,2.5,3.5,3.5,4,3.5,4,3,2.5,0
1108,1202164014,3.5,3.5,2,3.5,3.5,2,3.5,3,3.5,3,3,2,4,3.5,2.5,2.5,2.5,3.5,3.5,0
1109,1202164016,4,3,4,3.5,4,4,3.5,2.5,4,3.5,2.5,3,3.5,3.5,3,1,3.5,3.5,3,0
1110,1202164017,3.5,3,3,2.5,3.5,3,1,2.5,3.5,2.5,2,3,3,2.5,3,2,3,2.5,3.5,0
1111,1202164021,3.5,3.5,2.5,3.5,3.5,2.5,3.5,3,3.5,2.5,3.5,3.5,2.5,3.5,3.5,3,2,3,4,0
1112,1202164022,0,0,0,0,0,0,2,2,0,0,3,0,0,0,0,0,0,0,2,0
1113,1202164025,3.5,3,3.5,3.5,3.5,3.5,2,3.5,3.5,3,3,3.5,3.5,3,3.5,3.5,4,3.5,3.5,0
1114,1202164026,0,0,0,0,0,0,0,0,0,0,0,0,0,0,0,0,0,0,0,0
1115,1202164027,3.5,3,3.5,3.5,3.5,3.5,3.5,3.5,2,3,2.5,2.5,3.5,3.5,4,3,3.5,3,2.5,0
1116,1202164029,3.5,3.5,3,3.5,3.5,3,3,2.5,4,2.5,3,2,3,4,4,3.5,3,2.5,3.5,0
1117,1202164031,3,3.5,3.5,3.5,4,3.5,4,4,4,3.5,3.5,3,3.5,4,3.5,2,4,3,3.5,0
1118,1202164032,4,3,4,3.5,4,4,2,3.5,4,3.5,4,3.5,3.5,3.5,3.5,2.5,4,3.5,3.5,0
1119,1202164033,2.5,3,3.5,3,2.5,3.5,0,2,3,2.5,2,3,0,2.5,2.5,3,2,1,3,0
1120,1202164035,2.5,3,2,0,3,2,2.5,2,2,2.5,2.5,2,2,2.5,3,2.5,2,2.5,2,0
1121,1202164037,3.5,1,2,3.5,3,2,2,2,3.5,2.5,3.5,2,3,3.5,3.5,3,2,3.5,3.5,0
1122,1202164038,3,3.5,2.5,3.5,3.5,2.5,3.5,3,3.5,3.5,3.5,2,4,3.5,3,3,2.5,3.5,3.5,0
1123,1202164039,4,4,3.5,4,4,3.5,4,4,4,3.5,3.5,3.5,4,4,3.5,4,3.5,3.5,3.5,0
1124,1202164040,3,3.5,3.5,3.5,4,3.5,2.5,3.5,4,3,4,3.5,4,3.5,3,2.5,3,3.5,2.5,0
1125,1202164049,0,0,0,0,0,0,0,1,3,0,2,2.5,0,0,0,0,0,0,0,0
1126,1202164056,2.5,3,3.5,3.5,3.5,3.5,2.5,2.5,3,3.5,2.5,3.5,4,3.5,3,2.5,2.5,3.5,2.5,0
1127,1202164058,4,3.5,4,3.5,4,4,2.5,3.5,4,4,4,3.5,2.5,3.5,4,4,4,3.5,4,0
1128,1202164064,2,2.5,3,3.5,3.5,3,0,1,3.5,1,2.5,2.5,3.5,3.5,2,1,2,3,2,0
1129,1202164065,3.5,3.5,3.5,3.5,3.5,3.5,2,3.5,3.5,3,3,2.5,3.5,3.5,3.5,3.5,3.5,3.5,3.5,0
1130,1202164068,3,3.5,3.5,2.5,3,3.5,2,2.5,4,2.5,3,1,2.5,3.5,4,3,3,2.5,2,0
1131,1202164069,2.5,3,2,3.5,2.5,2,2.5,2,3.5,2,2.5,1,1,3,3.5,2.5,2,2,3.5,0
1132,1202164071,3,3.5,3.5,3.5,3.5,3.5,2,2.5,3.5,3.5,3,2.5,3.5,3.5,2.5,1,2,3,3,0
1133,1202164072,4,3.5,4,3.5,4,4,4,3.5,4,3.5,3.5,3.5,3.5,4,3.5,2,4,3.5,3,0
1134,1202164073,3.5,3.5,3.5,3,3.5,3.5,2.5,2,4,2.5,3.5,3.5,3.5,3,3.5,2.5,2.5,3.5,2.5,0
1135,1202164075,0,1,0,1,2,0,0,2,2,0,2,2,0,0,0,0,0,0,0,0
1136,1202164077,3.5,3.5,3,3.5,3.5,3,3.5,3.5,4,2.5,3,2.5,3.5,3.5,4,3.5,3.5,3.5,4,0
1137,1202164078,0,2,2,3.5,3,2,2,1,2,2.5,2.5,1,0,2,1,2.5,2,2,3,0
1138,1202164079,2.5,3.5,3,3.5,3.5,3,2,2.5,3,3,3,2.5,3.5,3.5,2,2,2,3,3,0
1139,1202164081,3.5,3.5,3.5,3.5,3.5,3.5,2.5,3,3.5,2.5,2.5,3.5,3.5,3.5,3,3.5,3,3.5,3,0
1140,1202164085,4,3.5,4,3.5,3.5,4,3.5,3.5,4,4,3.5,2,3.5,3.5,4,4,4,3,4,0
1141,1202164087,4,4,4,3.5,4,4,3.5,4,4,4,4,3.5,4,4,3.5,4,4,4,4,0
1142,1202164090,3.5,3,3.5,3,3.5,3.5,2.5,3,3.5,3,3.5,3,4,2.5,3,3,3,2.5,2.5,0
1143,1202164091,3,3.5,3,2.5,3.5,3,1,2,2.5,2,3,1,2.5,3,3.5,2.5,3.5,3,2,0
1144,1202164092,4,4,3.5,3.5,4,3.5,3.5,4,4,3,3.5,2,3.5,3.5,4,4,4,3,3.5,0
1145,1202164094,2,3,1,3,3,1,2.5,3.5,2,2,3,1,0,2,2,2.5,2,1,3.5,0
1146,1202164100,0,0,0,0,0,0,0,2,0,0,3.5,0,0,0,0,0,0,0,0,0
1147,1202164102,3,2.5,0,2,3,0,2,3.5,2,0,2.5,0,0,0,0,3,0,0,3.5,0
1148,1202164106,3.5,2.5,3.5,3,3,3.5,2,1,2.5,2.5,2.5,2,2.5,3,3.5,3,2.5,2,2,0
1149,1202164108,0,0,0,0,0,0,0,1,0,0,3.5,0,0,0,0,0,0,0,0,0
1150,1202164109,3,3.5,2,3,2.5,2,3,1,3,2.5,3,1,2,3.5,2.5,2,2,2.5,3,0
1151,1202164113,4,4,3.5,3.5,4,3.5,4,4,4,3.5,3.5,3.5,4,4,3.5,3.5,3.5,4,3.5,0
1152,1202164114,3.5,3.5,3.5,3.5,4,3.5,3,4,3.5,3,3.5,3.5,4,3.5,3.5,3,4,3,2.5,0
1153,1202164116,3.5,3.5,3.5,2,3.5,3.5,2,3.5,3.5,2.5,3,2,2.5,3,3.5,3.5,3,2.5,2,0
1154,1202164121,4,3.5,4,3.5,3.5,4,3.5,3.5,4,2.5,3.5,3.5,4,4,3.5,4,4,3.5,4,0
1155,1202164122,3.5,3.5,4,3.5,3.5,4,3.5,3.5,3.5,4,4,3.5,4,4,4,3,4,4,3,0
1156,1202164123,4,4,2.5,4,3.5,2.5,3,2,4,3,2,3.5,2.5,3.5,4,4,3.5,4,3,0
1157,1202164125,4,3.5,3.5,3.5,3.5,3.5,4,4,4,3.5,3.5,2.5,4,4,4,3.5,3,3.5,4,0
1158,1202164128,2.5,3,3.5,3.5,4,3.5,1,3,3.5,3,3,2.5,3.5,4,2,2,2,3.5,3,0
1159,1202164129,4,3.5,4,4,3.5,4,3.5,4,4,3.5,4,4,4,3.5,4,4,4,4,4,0
1160,1202164131,4,3.5,3.5,3.5,3.5,3.5,3.5,4,4,3,3.5,2,4,3.5,4,3.5,3,3.5,3,0
1161,1202164136,3.5,3.5,3.5,3.5,4,3.5,3.5,4,4,3.5,3.5,2.5,4,4,3.5,2,3.5,3.5,2.5,0
1162,1202164139,3.5,3.5,3.5,3,3.5,3.5,1,2,3.5,2,2.5,2,2,3,4,3,2,3.5,2,0
1163,1202164140,4,4,4,3,4,4,2.5,3.5,3.5,3,4,2.5,3.5,3.5,4,3.5,4,3.5,3.5,0
1164,1202164142,3.5,3.5,3,4,3.5,3,3.5,4,4,3.5,3.5,3,4,3.5,3.5,3.5,3.5,4,4,0
1165,1202164143,3.5,4,4,4,4,4,4,4,4,3.5,3.5,3,4,4,3.5,2,3,3.5,3.5,0
1166,1202164146,4,3.5,4,4,4,4,3.5,3.5,3.5,4,4,3.5,3.5,3.5,4,3.5,4,4,3,0
1167,1202164147,3.5,3.5,2,3.5,3.5,2,3,3,3.5,2,2.5,2,2,2.5,4,2.5,2.5,3,2,0
1168,1202164149,3,3.5,2.5,3.5,3.5,2.5,3.5,2,3.5,2.5,3.5,2,2.5,4,4,2.5,2.5,3.5,3.5,0
1169,1202164150,3.5,4,3.5,4,3.5,3.5,3,2.5,4,3.5,4,3.5,4,3.5,3.5,3.5,3.5,4,4,0
1170,1202164152,0,3,2.5,3,3.5,2.5,1,2,3.5,2,2.5,2.5,2.5,3,2,2,1,3,2.5,0
1171,1202164156,4,4,4,3,4,4,3.5,4,4,4,4,2.5,4,3.5,4,3.5,4,4,3.5,0
1172,1202164157,3.5,3,3.5,3.5,3.5,3.5,2.5,2,4,2.5,3,2,2,3,3.5,3.5,2,3,4,0
1173,1202164158,3,4,2.5,3.5,3.5,2.5,2.5,3,4,3.5,3.5,2,3,2,3,3.5,3.5,3.5,4,0
1174,1202164159,1,2,2,3.5,3.5,2,0,2.5,2.5,2,3.5,2,2,0,1,0,2,3,3,0
1175,1202164161,3.5,3.5,3.5,3.5,3.5,3.5,3,3,3.5,3.5,3,3.5,3.5,2.5,3.5,3.5,3,3,3.5,0
1176,1202164162,3,3,2,0,3,2,2,2,2,2.5,2.5,2,0,0,2,2,2,2,2,0
1177,1202164164,0,0,0,0,0,0,0,3,2,0,3.5,0,0,0,0,0,0,0,0,0
1178,1202164165,4,4,3.5,3.5,3.5,3.5,4,3.5,3.5,3,4,3.5,4,3.5,3.5,3,3.5,4,3.5,0
1179,1202164166,2,3.5,2,3.5,2.5,2,3.5,3,4,2.5,3,2,1,3,4,2.5,2.5,2.5,3.5,0
1180,1202164168,3.5,3.5,3.5,3.5,4,3.5,2,2,3.5,3.5,3,2.5,3.5,3.5,2.5,2.5,3,3.5,3,0
1181,1202164172,4,4,4,4,4,4,4,4,4,2.5,4,2,4,4,4,4,4,4,3.5,0
1182,1202164174,4,3.5,3,3.5,3,3,2,2,3.5,2,3,2.5,2,3,2,3,2,2.5,3.5,0
1183,1202164176,3,3,3.5,3.5,3.5,3.5,2,3.5,3.5,2,3,2.5,3.5,3.5,2.5,1,3.5,3.5,2.5,0
1184,1202164177,3,3.5,3.5,3.5,4,3.5,4,4,4,3.5,4,3.5,4,4,3.5,2,3.5,3.5,2.5,0
1185,1202164181,2.5,3.5,2,0,3.5,2,1,1,1,2.5,3.5,2,0,2.5,0,0,2.5,0,2,0
1186,1202164187,3,3.5,3.5,3,3.5,3.5,1,2,2,2.5,2,2.5,3.5,3,3.5,3.5,3.5,2.5,2,0
1187,1202164188,3.5,3.5,2,3.5,3.5,2,3,3,2.5,2,3.5,2,3.5,2.5,4,3,3,3.5,2.5,0
1188,1202164189,3.5,3.5,2.5,3,3.5,2.5,2.5,3.5,4,2.5,3.5,2.5,3.5,3,4,3,3.5,3,3,0
1189,1202164193,4,3.5,4,4,4,4,4,4,4,4,4,4,4,4,3.5,3,4,4,4,0
1190,1202164194,4,3,3.5,3.5,3.5,3.5,2,3.5,3.5,3.5,3,4,3.5,2.5,3.5,3.5,4,3.5,4,0
1191,1202164199,0,0,0,0,0,0,0,3.5,2,0,3.5,2,0,0,0,0,0,0,0,0
1192,1202164201,3.5,3,4,3,4,4,3.5,4,4,3.5,3,3,3.5,4,3,2,3,3.5,3,0
1193,1202164203,3.5,3.5,3.5,4,3.5,3.5,4,4,4,3.5,4,3.5,4,3.5,4,2.5,3.5,4,2.5,0
1194,1202164204,4,3.5,4,3.5,3.5,4,3.5,4,4,3,3.5,2.5,3.5,3.5,4,3,3.5,3,2,0
1195,1202164207,4,3.5,4,4,3.5,4,3,4,4,4,4,2,3.5,3.5,3.5,3.5,4,3.5,4,0
1196,1202164208,2,1,0,3.5,2,0,1,2.5,3.5,2,2,2.5,3,0,2,1,0,0,2.5,0
1197,1202164209,2,2,3.5,3.5,3.5,3.5,0,1,3.5,2,2.5,2.5,2.5,3,2,1,1,2.5,2,0
1198,1202164211,2.5,2,3.5,3,3,3.5,2,2,2.5,2,2.5,2.5,3.5,3,2.5,3,3,2,2,0
1199,1202164213,4,4,4,3.5,3.5,4,3.5,4,4,4,3.5,3.5,3.5,3.5,4,4,4,4,3.5,0
1200,1202164221,3.5,3,2,2.5,3,2,2,1,3.5,2,3,2,2,2.5,2,2,2,2,2,0
1201,1202164223,3.5,3.5,3,4,3.5,3,3.5,3.5,4,3.5,4,2.5,3.5,3.5,3,3.5,3.5,4,4,0
1202,1202164224,3.5,3.5,4,3.5,4,4,3.5,4,4,3,3.5,2.5,4,4,3.5,3,3.5,3.5,3.5,0
1203,1202164225,4,3,3.5,4,4,3.5,3.5,3.5,4,3,4,3.5,4,4,3.5,2.5,4,3.5,3,0
1204,1202164226,3,0,0,0,0,0,2,3,2.5,0,2,2,0,0,0,0,0,0,2.5,0
1205,1202164230,3,3.5,3.5,3.5,3.5,3.5,3,3.5,3.5,3,3.5,2,3,3.5,4,3,3.5,3,2.5,0
1206,1202164231,2,2,0,2,0,0,3,1,1,1,3,1,0,2,0,2,2,0,2,0
1207,1202164233,3,3,3,3.5,4,3,1,3.5,3.5,3.5,3,2.5,3.5,3.5,3,1,2.5,3,3,0
1208,1202164235,3.5,3,2,0,2.5,2,0,1,3.5,2,2.5,2.5,2,2,2.5,3,2.5,2,2.5,0
1209,1202164238,4,3,2.5,3.5,3.5,2.5,2,2.5,3.5,2.5,3.5,2.5,3,3,4,2.5,3,3.5,2.5,0
1210,1202164241,3,3.5,4,3,3.5,4,3.5,4,4,3.5,3,3,3.5,4,3,2.5,3.5,3.5,3,0
1211,1202164242,3.5,3.5,3.5,4,4,3.5,3.5,3.5,4,3.5,3,3,3,4,3.5,2,3.5,3.5,2.5,0
1212,1202164243,3,3,3.5,3.5,3.5,3.5,2.5,2,3.5,2.5,2.5,3,3,2.5,3,2,3,3.5,3,0
1213,1202164244,3,3.5,3.5,3.5,4,3.5,2,2.5,3.5,3,3,3,3.5,3.5,3.5,3,3.5,3,2,0
1214,1202164245,4,3.5,4,4,3.5,4,4,4,3.5,3.5,4,2.5,4,4,4,3.5,4,3,3,0
1215,1202164249,2.5,3.5,3.5,4,3.5,3.5,1,3,3.5,3,3.5,2.5,3.5,4,3,2,3.5,4,3.5,0
1216,1202164250,3.5,3.5,3,2,4,3,1,3.5,3.5,1,3,2.5,3.5,4,0,2,2.5,3.5,1,0
1217,1202164254,2.5,3.5,3,2,3,3,3.5,2.5,3.5,2.5,2,3,2.5,3.5,3,2,2.5,3.5,2,0
1218,1202164260,4,3.5,4,3.5,4,4,3.5,3.5,3.5,3.5,3.5,3.5,3.5,3.5,3.5,3.5,4,3,3.5,0
1219,1202164261,3.5,3.5,3.5,3.5,4,3.5,3,2.5,4,2,3,3.5,3.5,3.5,4,3,3.5,3,2.5,0
1220,1202164263,3.5,3.5,2.5,4,3.5,2.5,2,2.5,3.5,3.5,3.5,2,3.5,3,3.5,2,2.5,3,2,0
1221,1202164270,3.5,3,2,4,3.5,2,3,2.5,3,2.5,3.5,2,3,2.5,4,3,3.5,3,2,0
1222,1202164271,3.5,3,2,2.5,3,2,1,1,3,2,3.5,1,0,0,3.5,2,2,0,1,0
1223,1202164272,4,3.5,2,3.5,3,2,2,1,3,2,2.5,2,0,3.5,3,2,2,2.5,3,0
1224,1202164273,4,4,3.5,4,3.5,3.5,3.5,4,3.5,4,3.5,3,3.5,3.5,2.5,4,3,3.5,4,0
1225,1202164275,2,3,3.5,3.5,3.5,3.5,0,1,3.5,3,2.5,2.5,3,3,2,2,2,3.5,2,0
1226,1202164276,4,3.5,3.5,3.5,3.5,3.5,3.5,3.5,3.5,3,3.5,3.5,3.5,3,3.5,3.5,3,4,3.5,0
1227,1202164279,2.5,3,3,3,3.5,3,2,3,3,2.5,2,2.5,3.5,3.5,3,2,2.5,3.5,2,0
1228,1202164280,3,3,1,2,3,1,1,2,2.5,0,3,1,0,2.5,2.5,2,2,2.5,1,0
1229,1202164284,3.5,3.5,3.5,3.5,3.5,3.5,2.5,3.5,4,0,4,3.5,3.5,3.5,3.5,2.5,4,4,3.5,0
1230,1202164285,3,3.5,3.5,4,3.5,3.5,1,2.5,3.5,0,2.5,3,2.5,3,3,3,3,4,3,0
1231,1202164286,3,3.5,3.5,3,3.5,3.5,2.5,3.5,3,0,3.5,2,4,3.5,3.5,3.5,3,3.5,2.5,0
1232,1202164287,4,3.5,2.5,3.5,3.5,2.5,2.5,4,3.5,0,3.5,3.5,4,3,4,3.5,3.5,3,2.5,0
1233,1202164289,4,3.5,3,3.5,3.5,3,3.5,3,4,0,3,2.5,3,4,4,3,2,3.5,4,0
1234,1202164290,3.5,4,3.5,3.5,4,3.5,3.5,4,4,0,3.5,3,4,3.5,3,3,3,3.5,3.5,0
1235,1202164298,0,0,0,0,0,0,0,1,0,0,1,1,0,0,0,0,0,0,0,0
1236,1202164301,3.5,3.5,3,4,3,3,2,2,3.5,0,2,3,3,3,3.5,3.5,3.5,3,3.5,0
1237,1202164302,3.5,2.5,3,3.5,3.5,3,1,2,2.5,0,2.5,2,2,3,3,3.5,2.5,2,2,0
1238,1202164304,3.5,3.5,2.5,3.5,3.5,2.5,2,2.5,3.5,0,4,2,3.5,3,4,3.5,3,4,3.5,0
1239,1202164305,4,3.5,0,3.5,3,0,2.5,2,3.5,0,3.5,2.5,0,0,4,3.5,0,0,2.5,0
1240,1202164306,4,4,4,4,4,4,4,4,4,0,4,3,4,4,3.5,4,3.5,3.5,4,0
1241,1202164307,2.5,3.5,3.5,3.5,3.5,3.5,2,2.5,3.5,0,3,2.5,3.5,3.5,2.5,2,3,3,3.5,0
1242,1202164309,0,0,0,0,0,0,0,3.5,0,0,2.5,0,0,0,0,0,0,0,0,0
1243,1202164311,2,2.5,0,0,3,0,1,2,2,0,2,2,0,0,0,0,0,0,0,0
1244,1202164312,4,3.5,4,2.5,3.5,4,2.5,4,3.5,0,3.5,2,2.5,3,4,3.5,3.5,2.5,2.5,0
1245,1202164314,3.5,3.5,3.5,3.5,3.5,3.5,4,3.5,3.5,0,3.5,3,4,4,3.5,2.5,4,4,3,0
1246,1202164315,4,4,3.5,4,3.5,3.5,4,4,3.5,0,3.5,2.5,4,3.5,3.5,3.5,3,3.5,4,0
1247,1202164317,1,0,0,2,0,0,0,2.5,2.5,0,2.5,3,2.5,2,0,0,0,0,0,0
1248,1202164318,0,0,0,0,0,0,0,2,3,0,2,2,0,0,0,0,0,0,0,0
1249,1202164323,4,4,4,3.5,4,4,3.5,3,4,0,4,3,4,4,4,4,4,4,4,0
1250,1202164328,3.5,3.5,4,3.5,3.5,4,2,2.5,3.5,0,3,3.5,3.5,3.5,3.5,3.5,4,3.5,3.5,0
1251,1202164329,3.5,3.5,3.5,4,3,3.5,2,2.5,3.5,0,3.5,2.5,2,3,3.5,3,3.5,3,2.5,0
1252,1202164331,4,4,4,3,4,4,3,4,4,0,4,3,4,4,4,3.5,3.5,3.5,3.5,0
1253,1202164334,3,3.5,3.5,3.5,4,3.5,1,2,3.5,0,2.5,2.5,3.5,4,3,2,3,3.5,3.5,0
1254,1202164335,3.5,3,3.5,3.5,4,3.5,2.5,4,4,0,3.5,3,4,4,3.5,2,3,3.5,3,0
1255,1202164344,3,0,3,0,3,3,0,2,1,0,2,3.5,0,0,2.5,3.5,2,2,3,0
1256,1202164345,3,2.5,3.5,3.5,3.5,3.5,2,2.5,2,0,3.5,3.5,0,2.5,3,3.5,3.5,3,2,0
1257,1202164346,3.5,0,0,0,3,0,1,0,1,0,2,2,2,0,2.5,2.5,2.5,0,2,0
1258,1202164348,3,3,2,3.5,2,2,3,1,3.5,0,3,1,0,2.5,0,2.5,2,2.5,3.5,0
1259,1202164349,2,3.5,2,3.5,3.5,2,2,2,3.5,0,2.5,1,0,3,2,3.5,2.5,3,3.5,0
1260,1202164350,3.5,3.5,3.5,4,4,3.5,3,2,4,0,3.5,3.5,3.5,4,3,2,3.5,3.5,3.5,0
1261,1202164351,2.5,2.5,3,3.5,3.5,3,0,2,3,0,2,2,2.5,3,1,1,2,2.5,2,0
1262,1202164359,3.5,3.5,3.5,3.5,4,3.5,1,2,3.5,0,3,3,3.5,4,3,2,2.5,4,2.5,0
1263,1202164361,0,0,0,0,0,0,0,1,3.5,0,3.5,2.5,0,0,0,0,0,0,0,0
1264,1202164363,3,3.5,3.5,3.5,3.5,3.5,4,4,3.5,0,4,3.5,4,3.5,3.5,3,3.5,4,2,0
1265,1202164364,4,3.5,4,4,4,4,3,2.5,4,0,4,2,3,3.5,3.5,3.5,3.5,2.5,2.5,0
1266,1202164366,2.5,3.5,2,3,3,2,2.5,3,2,0,2.5,2,3,3,2,3,2,3,3.5,0
1267,1202164367,2.5,3.5,3,4,4,3,2.5,2,3,0,2.5,2.5,3,3.5,2,1,2,3.5,2.5,0
1268,1202164368,4,3.5,3.5,4,4,3.5,4,4,4,0,3.5,3.5,4,4,3.5,2.5,4,4,4,0
1269,1202164371,3.5,3.5,3.5,3.5,2.5,3.5,2.5,3.5,4,0,3.5,4,3.5,3,2,3,3.5,4,2,0
1270,1202164373,2,3,0,3,3.5,0,1,2,3,0,3.5,2,0,2,2.5,3,2.5,2,2,0
1271,1202164374,3.5,3.5,3.5,3.5,3.5,3.5,3.5,3,3.5,0,3,2,3,4,3.5,3,3.5,3.5,4,0
1272,1202164377,2,0,2,1,0,2,0,2,3.5,0,2,2,0,3.5,0,0,2,0,2.5,0
1273,1202164379,0,0,0,0,0,0,0,2,0,0,2.5,2,0,0,0,0,0,0,0,0
1274,1202164387,3.5,3.5,4,3.5,4,4,4,3.5,4,0,3,3.5,4,4,3.5,3,3.5,3.5,3.5,0
1275,1202164388,0,0,0,0,0,0,0,1,1,0,2.5,2,0,0,0,0,0,0,0,0
1276,1202164390,4,4,4,4,4,4,3,4,4,0,4,3.5,4,3.5,4,3.5,4,3.5,3.5,0
1277,1202164391,4,3.5,3.5,3.5,4,3.5,4,4,4,0,3.5,4,4,4,4,3.5,4,4,4,0
1278,1202164392,3.5,3.5,3.5,3.5,3,3.5,2,2,2,0,2.5,2,3.5,3.5,3.5,3,3.5,3.5,2,0
1279,1202164393,0,3,0,3,2.5,0,0,1,2,0,2.5,2,0,0,0,2.5,0,0,0,0
1280,1202164394,0,0,0,0,0,0,0,1,1,0,2,1,0,0,0,2,0,0,0,0
1281,1202164395,2.5,4,2.5,3.5,3.5,2.5,2,3,3.5,0,2.5,2,3,3.5,2.5,3.5,3,3.5,3.5,0
1282,1202164397,3,2,3.5,3.5,3.5,3.5,2.5,4,4,0,3.5,3,3,3.5,2.5,1,2.5,3.5,2.5,0
1283,1202164399,3,3,3,3.5,3,3,2,2,3,0,3,3,2,2.5,2.5,3,2.5,3,2.5,0
1284,1202170006,4,0,0,0,0,0,4,2.5,3.5,0,4,3,0,0,0,0,0,0,3.5,0
1285,1202170010,4,0,0,0,0,0,3,4,3,0,4,3.5,0,0,0,0,0,0,3.5,0
1286,1202170011,4,0,0,0,0,0,3.5,3.5,3.5,0,4,3.5,0,0,0,0,0,0,3.5,0
1287,1202170015,4,0,0,0,0,0,3.5,3.5,4,0,3.5,2.5,0,0,0,0,0,0,3.5,0
1288,1202170018,2,0,0,0,0,0,2.5,2.5,3,0,3.5,3.5,0,0,0,0,0,0,2,0
1289,1202170022,3.5,0,0,0,0,0,3.5,4,4,0,4,3,0,0,0,0,0,3.5,3.5,0
1290,1202170023,3.5,0,0,0,0,0,2,2,4,0,3.5,2.5,0,0,0,0,0,0,3,0
1291,1202170025,3.5,0,0,0,0,0,3.5,3.5,3,0,3.5,3.5,0,0,0,0,0,0,2,0
1292,1202170026,4,0,0,0,0,0,4,4,4,0,3.5,3.5,0,0,0,0,0,0,3.5,0
1293,1202170029,3,0,0,0,0,0,2,2,3.5,0,3.5,3.5,0,0,0,0,0,0,2.5,0
1294,1202170030,3.5,0,0,0,0,0,1,2,2.5,0,3.5,3,0,0,0,0,0,0,3.5,0
1295,1202170035,3.5,0,0,0,0,0,2.5,3.5,3.5,0,3.5,2.5,0,0,0,0,0,3.5,3.5,0
1296,1202170038,4,0,0,0,0,0,3.5,3.5,4,0,4,3.5,0,0,0,0,0,0,3,0
1297,1202170042,4,0,0,0,0,0,3.5,3.5,4,0,4,2.5,0,0,0,0,0,0,4,0
1298,1202170043,4,0,0,0,0,0,0,2.5,2.5,0,3,1,0,0,0,0,0,0,2,0
1299,1202170044,3,0,0,0,0,0,4,4,3.5,0,4,3.5,0,0,0,0,0,0,4,0
1300,1202170046,2.5,0,0,0,0,0,2.5,3.5,3,0,3.5,3.5,0,0,0,0,0,0,3.5,0
1301,1202170050,3.5,0,0,0,0,0,3.5,3.5,3,0,4,3,0,0,0,0,0,0,3.5,0
1302,1202170056,0,0,0,0,0,0,0,4,2,0,3,1,0,0,0,0,0,0,0,0
1303,1202170058,4,0,0,0,0,0,3,4,4,0,4,3,0,0,0,0,0,0,3.5,0
1304,1202170062,3,0,0,0,0,0,4,3,4,0,3.5,3.5,0,0,0,0,0,0,3,0
1305,1202170063,3.5,0,0,0,0,0,3.5,3.5,4,0,4,2.5,0,0,0,0,0,0,3.5,0
1306,1202170066,4,0,0,0,0,0,3,2,3,0,3.5,2.5,0,0,0,0,0,0,3.5,0
1307,1202170069,4,0,0,0,0,0,4,4,4,0,4,3.5,0,0,0,0,0,0,4,0
1308,1202170077,4,0,0,0,0,0,2,1,4,0,3.5,3.5,0,0,0,0,0,0,2,0
1309,1202170080,3,0,0,0,0,0,3.5,3.5,3.5,0,4,3.5,0,0,0,0,0,3,2.5,0
1310,1202170081,2,0,0,0,0,0,1,3,3.5,0,3.5,2.5,0,0,0,0,0,0,1,0
1311,1202170092,3.5,0,0,0,0,0,3,3,3.5,0,3.5,2.5,0,0,0,0,0,0,3.5,0
1312,1202170093,3.5,0,0,0,0,0,3.5,2.5,2.5,0,3.5,2.5,0,0,0,0,0,0,3.5,0
1313,1202170097,3.5,0,0,0,0,0,2,0,2,0,3.5,2,0,0,0,0,0,0,3.5,0
1314,1202170099,2,0,0,0,0,0,1,1,2.5,0,2,2,0,0,0,0,0,0,2,0
1315,1202170101,3,0,0,0,0,0,3,2,3.5,0,3.5,3.5,0,0,0,0,0,0,2,0
1316,1202170106,2.5,0,0,0,0,0,3.5,2,3.5,0,3.5,2.5,0,0,0,0,0,0,3.5,0
1317,1202170108,3,0,0,0,0,0,3.5,4,3.5,0,4,3.5,0,0,0,0,0,3.5,3.5,0
1318,1202170109,3,0,0,0,0,0,3,3.5,3.5,0,3.5,3.5,0,0,0,0,0,0,2.5,0
1319,1202170110,3.5,0,0,0,0,0,4,4,4,0,3.5,3.5,0,0,0,0,0,0,3.5,0
1320,1202170115,4,0,0,0,0,0,3.5,4,4,0,3.5,3.5,0,0,0,0,0,3,3.5,0
1321,1202170117,3.5,0,0,0,0,0,3.5,3.5,3.5,0,3.5,2,0,0,0,0,0,0,1,0
1322,1202170118,4,0,0,0,0,0,4,4,4,0,4,3.5,0,0,0,0,0,0,4,0
1323,1202170121,4,0,0,0,0,0,4,4,4,0,4,3.5,0,0,0,0,0,0,3,0
1324,1202170130,4,0,0,0,0,0,2.5,3,3.5,0,3.5,2.5,0,0,0,0,0,0,3.5,0
1325,1202170131,4,0,0,0,0,0,3.5,3.5,3.5,0,4,2.5,0,0,0,0,0,0,3.5,0
1326,1202170132,2.5,0,0,0,0,0,3,2.5,3,0,3.5,2,0,0,0,0,0,0,3.5,0
1327,1202170133,3,0,0,0,0,0,3,3.5,3.5,0,4,3.5,0,0,0,0,0,0,3,0
1328,1202170136,4,0,0,0,0,0,3.5,3.5,3.5,0,4,3.5,0,0,0,0,0,0,3.5,0
1329,1202170140,0,0,0,0,0,0,0,0,0,0,3.5,0,0,0,0,0,0,0,0,0
1330,1202170148,3,0,0,0,0,0,3,3,3.5,0,4,2,0,0,0,0,0,0,3.5,0
1331,1202170154,4,0,0,0,0,0,3,3.5,3.5,0,3.5,3.5,0,0,0,0,0,0,3,0
1332,1202170156,4,0,0,0,0,0,3.5,3.5,3.5,0,3.5,2,0,0,0,0,0,0,2,0
1333,1202170160,2.5,0,0,0,0,0,4,3,2.5,0,3.5,3,0,0,0,0,0,0,3.5,0
1334,1202170162,3.5,0,0,0,0,0,3.5,2.5,3.5,0,3.5,2.5,0,0,0,0,0,0,2.5,0
1335,1202170163,3.5,0,0,0,0,0,2,1,2.5,0,2,2.5,0,0,0,0,0,0,2,0
1336,1202170165,2.5,0,0,0,0,0,3,4,3.5,0,3.5,4,0,0,0,0,0,0,3,0
1337,1202170166,4,0,0,0,0,0,3.5,3,3.5,0,4,4,0,0,0,0,0,0,3.5,0
1338,1202170168,3.5,0,0,0,0,0,2,1,3,0,3.5,3.5,0,0,0,0,0,0,2.5,0
1339,1202170169,3,0,0,0,0,0,4,3.5,2,0,4,3.5,0,0,0,0,0,0,3.5,0
1340,1202170173,3,0,0,0,0,0,2,2,4,0,3.5,2,0,0,0,0,0,0,3,0
1341,1202170180,2.5,0,0,0,0,0,3,2,3.5,0,3.5,2.5,0,0,0,0,0,0,3,0
1342,1202170182,2,0,0,0,0,0,2,1,3.5,0,3.5,3.5,0,0,0,0,0,0,3.5,0
1343,1202170187,3.5,0,0,0,0,0,2.5,2,3,0,3.5,2,0,0,0,0,0,0,2.5,0
1344,1202170188,4,0,0,0,0,0,3.5,4,4,0,3,2.5,0,0,0,0,0,0,3.5,0
1345,1202170190,4,0,0,0,0,0,3.5,4,4,0,3.5,2.5,0,0,0,0,0,3,3.5,0
1346,1202170193,3.5,0,0,0,0,0,3.5,4,3.5,0,3.5,3.5,0,0,0,0,0,0,4,0
1347,1202170207,3.5,0,0,0,0,0,3,2.5,3.5,0,2.5,2,0,0,0,0,0,0,3.5,0
1348,1202170211,4,0,0,0,0,0,2.5,2.5,3,0,3,2.5,0,0,0,0,0,0,3.5,0
1349,1202170213,3.5,0,0,0,0,0,3,4,3.5,0,4,3.5,0,0,0,0,0,0,3.5,0
1350,1202170214,0,0,0,0,0,0,0,0,0,0,3.5,0,0,0,0,0,0,0,0,0
1351,1202170215,3.5,0,0,0,0,0,3.5,4,3.5,0,4,3.5,0,0,0,0,0,3.5,3.5,0
1352,1202170217,2.5,0,0,0,0,0,3,2.5,3,0,4,4,0,0,0,0,0,4,3,0
1353,1202170226,3,0,0,0,0,0,2.5,2,3,0,3.5,2.5,0,0,0,0,0,0,3,0
1354,1202170228,0,0,0,0,0,0,0,1,2,0,3.5,2,0,0,0,0,0,0,0,0
1355,1202170229,3.5,0,0,0,0,0,3.5,2,3.5,0,4,3.5,0,0,0,0,0,0,4,0
1356,1202170232,4,0,0,0,0,0,3.5,3.5,4,0,4,3.5,0,0,0,0,0,0,3.5,0
1357,1202170234,3.5,0,0,0,0,0,0,0,0,0,2,2,0,0,0,0,0,0,2,0
1358,1202170236,2.5,0,0,0,0,0,2.5,1,2,0,3.5,2,0,0,0,0,0,0,1,0
1359,1202170240,3.5,0,0,0,0,0,4,4,4,0,4,3,0,0,0,0,0,0,3.5,0
1360,1202170242,2.5,0,0,0,0,0,2.5,2,3,0,3,0,0,0,0,0,0,0,2,0
1361,1202170243,4,0,0,0,0,0,3.5,3.5,3.5,0,4,2.5,0,0,0,0,0,3.5,3.5,0
1362,1202170244,4,0,0,0,0,0,4,4,3.5,0,3.5,2.5,0,0,0,0,0,3.5,3.5,0
1363,1202170248,2,0,0,0,0,0,3.5,3.5,2,0,3.5,3.5,0,0,0,0,0,3.5,2.5,0
1364,1202170249,4,0,0,0,0,0,3.5,3,4,0,3.5,3.5,0,0,0,0,0,0,4,0
1365,1202170250,4,0,0,0,0,0,4,4,4,0,4,2.5,0,0,0,0,0,0,3.5,0
1366,1202170251,4,0,0,0,0,0,3,2,3.5,0,3.5,3.5,0,0,0,0,0,0,3.5,0
1367,1202170256,2,0,0,0,0,0,0,1,3,0,3.5,2.5,0,0,0,0,0,0,2,0
1368,1202170257,0,0,0,0,0,0,2,2.5,2.5,0,3.5,2,0,0,0,0,0,0,2,0
1369,1202170258,4,0,0,0,0,0,4,4,4,0,4,4,0,0,0,0,0,4,3,0
1370,1202170260,3.5,0,0,0,0,0,3,2,2.5,0,3,3,0,0,0,0,0,0,3.5,0
1371,1202170262,4,0,0,0,0,0,4,2.5,3.5,0,3.5,3,0,0,0,0,0,0,3.5,0
1372,1202170265,4,0,0,0,0,0,4,2.5,2,0,3.5,3.5,0,0,0,0,0,2.5,3.5,0
1373,1202170268,3,0,0,0,0,0,3.5,3,3.5,0,4,3.5,0,0,0,0,0,0,3,0
1374,1202170270,4,0,0,0,0,0,3.5,3.5,3.5,0,4,2,0,0,0,0,0,0,3.5,0
1375,1202170272,2,0,0,0,0,0,2.5,3.5,3.5,0,3.5,3,0,0,0,0,0,0,2,0
1376,1202170279,3.5,0,0,0,0,0,2.5,3,3,0,2,3.5,0,0,0,0,0,0,3.5,0
1377,1202170280,4,0,0,0,0,0,4,4,4,0,4,3.5,0,0,0,0,0,0,4,0
1378,1202170283,4,0,0,0,0,0,3.5,3.5,4,0,3.5,3,0,0,0,0,0,0,3,0
1379,1202170285,3.5,0,0,0,0,0,2,2.5,2,0,3.5,2,0,0,0,0,0,0,3.5,0
1380,1202170286,4,0,0,0,0,0,4,4,3.5,0,4,2.5,0,0,0,0,0,3,3.5,0
1381,1202170289,2.5,0,0,0,0,0,3.5,3,3,0,3,3.5,0,0,0,0,0,0,3.5,0
1382,1202170293,3,0,0,0,0,0,2,2.5,3.5,0,3.5,2,0,0,0,0,0,0,2,0
1383,1202170298,4,0,0,0,0,0,4,3,4,0,4,3,0,0,0,0,0,3.5,3.5,0
1384,1202170301,3.5,0,0,0,0,0,3.5,3,3.5,0,3.5,2.5,0,0,0,0,0,0,3.5,0
1385,1202170303,3,0,0,0,0,0,3,1,3,0,3,3,0,0,0,0,0,0,3.5,0
1386,1202170305,3.5,0,0,0,0,0,2,3,3.5,0,3.5,3.5,0,0,0,0,0,0,3.5,0
1387,1202170306,3.5,0,0,0,0,0,2,2,3,0,3.5,3,0,0,0,0,0,0,3,0
1388,1202170314,3.5,0,0,0,0,0,1,2,2,0,3.5,2,0,0,0,0,0,0,3.5,0
1389,1202170315,3.5,0,0,0,0,0,2,2.5,3.5,0,3.5,3,0,0,0,0,0,0,2.5,0
1390,1202170317,4,0,0,0,0,0,3,3,3.5,0,3.5,2.5,0,0,0,0,0,0,4,0
1391,1202170319,2,0,0,0,0,0,3.5,1,2,0,2,2,0,0,0,0,0,0,3.5,0
1392,1202170323,3.5,0,0,0,0,0,4,4,3,0,3.5,3.5,0,0,0,0,0,0,3.5,0
1393,1202170327,4,0,0,0,0,0,3.5,4,4,0,4,3,0,0,0,0,0,3.5,4,0
1394,1202170329,3.5,0,0,0,0,0,2.5,2,3,0,3.5,2.5,0,0,0,0,0,0,3,0
1395,1202170330,3.5,0,0,0,0,0,3,1,4,0,4,2.5,0,0,0,0,0,0,3.5,0
1396,1202170332,2.5,0,0,0,0,0,2,3,3,0,3.5,3.5,0,0,0,0,0,0,2.5,0
1397,1202170333,3.5,0,0,0,0,0,2,2,3,0,2,3,0,0,0,0,0,0,3.5,0
1398,1202170334,0,0,0,0,0,0,0,3,3,0,3.5,3,0,0,0,0,0,0,0,0
1399,1202170336,2,0,0,0,0,0,0,0,3,0,2,2.5,0,0,0,0,0,0,1,0
1400,1202170337,2,0,0,0,0,0,3.5,1,3.5,0,4,3.5,0,0,0,0,0,0,3.5,0
1401,1202170338,2,0,0,0,0,0,0,1,3,0,3,3,0,0,0,0,0,0,0,0
1402,1202170343,1,0,0,0,0,0,0,1,3.5,0,4,3,0,0,0,0,0,0,4,0
1403,1202170344,2.5,0,0,0,0,0,3.5,3,3.5,0,3.5,2.5,0,0,0,0,0,0,3.5,0
1404,1202170346,1,0,0,0,0,0,0,0,2,0,1,3,0,0,0,0,0,0,1,0
1405,1202170349,2,0,0,0,0,0,2,1,2,0,2.5,2.5,0,0,0,0,0,0,2.5,0
1406,1202170353,4,0,0,0,0,0,3,3.5,3,0,3.5,2.5,0,0,0,0,0,0,3.5,0
1407,1202170356,3.5,0,0,0,0,0,3,3.5,4,0,3.5,2.5,0,0,0,0,0,0,3,0
1408,1202170357,3,0,0,0,0,0,3.5,2,3,0,3.5,2.5,0,0,0,0,0,0,3.5,0
1409,1202170360,3.5,0,0,0,0,0,2,2,2,0,3.5,2.5,0,0,0,0,0,0,3.5,0
1410,1202170364,2,0,0,0,0,0,1,3,4,0,3.5,3,0,0,0,0,0,0,2.5,0
1411,1202170365,2.5,0,0,0,0,0,2.5,3.5,3,0,4,3.5,0,0,0,0,0,3.5,3.5,0
1412,1202170366,4,0,0,0,0,0,3.5,2.5,4,0,3.5,2.5,0,0,0,0,0,0,4,0
1413,1202170367,4,0,0,0,0,0,3.5,2.5,3.5,0,3.5,3,0,0,0,0,0,0,3,0
1414,1202170369,2.5,0,0,0,0,0,2.5,1,3.5,0,3.5,2.5,0,0,0,0,0,0,2.5,0
1415,1202170371,3.5,0,0,0,0,0,2,0,2,0,3.5,2,0,0,0,0,0,0,3.5,0
1416,1202170381,2.5,0,0,0,0,0,0,0,2,0,2.5,2,0,0,0,0,0,0,0,0
1417,1202170382,3.5,0,0,0,0,0,3,3.5,3.5,0,3.5,2,0,0,0,0,0,0,3.5,0
1418,1202170385,4,0,0,0,0,0,3.5,3.5,3.5,0,4,2.5,0,0,0,0,0,0,3.5,0
1419,1202170386,2,0,0,0,0,0,1,2,3,0,4,2,0,0,0,0,0,0,1,0
1420,1202170389,2,0,0,0,0,0,3.5,2,2.5,0,3,2.5,0,0,0,0,0,0,3.5,0
1421,1202170392,0,0,0,0,0,0,0,0,0,0,0,0,0,0,0,0,0,0,0,0
1422,1202170401,3.5,0,0,3.5,0,0,0,0,0,0,0,3,0,0,0,1,0,0,0,0
1423,1202171049,4,0,0,0,0,0,3.5,4,4,0,4,3.5,0,0,0,0,0,4,4,0
1424,1202171098,3,0,0,0,0,0,3,3.5,3,0,4,2.5,0,0,0,0,0,0,3.5,0
1425,1202171116,3,0,0,0,0,0,4,4,3.5,0,4,3.5,0,0,0,0,0,0,3.5,0
1426,1202171119,4,0,0,0,0,0,3,4,4,0,4,2.5,0,0,0,0,0,3,3.5,0
1427,1202171120,3.5,0,0,0,0,0,3.5,4,4,0,4,3.5,0,0,0,0,0,0,3.5,0
1428,1202171139,3.5,0,0,0,0,0,3.5,4,3.5,0,3.5,3.5,0,0,0,0,0,0,3,0
1429,1202171186,4,0,0,0,0,0,4,4,4,0,4,4,0,0,0,0,0,4,4,0
1430,1202171206,4,0,0,0,0,0,3.5,4,4,0,4,4,0,0,0,0,0,4,3.5,0
1431,1202171331,4,0,0,0,0,0,4,4,4,0,4,4,0,0,0,0,0,4,4,0
1432,1202172001,3.5,0,0,0,0,0,2,1,3,0,3.5,2.5,0,0,0,0,0,0,3.5,0
1433,1202172009,4,0,0,0,0,0,3,2.5,3.5,0,3.5,3,0,0,0,0,0,0,3.5,0
1434,1202172014,2.5,0,0,0,0,0,3.5,3.5,3.5,0,4,3.5,0,0,0,0,0,0,3.5,0
1435,1202172017,3,0,0,0,0,0,3.5,1,4,0,3.5,2.5,0,0,0,0,0,0,3,0
1436,1202172019,3.5,0,0,0,0,0,2,1,2.5,0,3.5,2.5,0,0,0,0,0,0,3.5,0
1437,1202172024,3,0,0,0,0,0,2.5,3,3.5,0,4,3.5,0,0,0,0,0,0,4,0
1438,1202172041,4,0,0,0,0,0,3.5,2,3.5,0,4,4,0,0,0,0,0,0,4,0
1439,1202172045,2,0,0,0,0,0,4,3,4,0,4,3.5,0,0,0,0,0,0,3.5,0
1440,1202172047,4,0,0,0,0,0,4,3.5,4,0,4,3,0,0,0,0,0,3,3.5,0
1441,1202172051,2,0,0,0,0,0,3,1,3,0,3.5,3,0,0,0,0,0,0,3,0
1442,1202172054,3.5,0,0,0,0,0,3,3.5,4,0,3.5,3.5,0,0,0,0,0,0,3,0
1443,1202172055,4,0,0,0,0,0,3.5,3.5,3.5,0,3.5,3,0,0,0,0,0,0,2.5,0
1444,1202172060,4,0,0,0,0,0,4,4,4,0,4,2.5,0,0,0,0,0,3.5,3.5,0
1445,1202172064,3,0,0,0,0,0,3,3.5,3.5,0,4,3.5,0,0,0,0,0,3.5,3,0
1446,1202172067,0,0,0,0,0,0,0,0,0,0,0,0,0,0,0,0,0,0,0,0
1447,1202172073,4,0,0,0,0,0,4,4,3.5,0,4,3,0,0,0,0,0,0,3.5,0
1448,1202172094,4,0,0,0,0,0,3.5,4,4,0,4,2.5,0,0,0,0,0,0,2.5,0
1449,1202172100,3,0,0,0,0,0,1,2.5,3,0,3,3,0,0,0,0,0,0,2.5,0
1450,1202172141,4,0,0,0,0,0,4,4,3.5,0,3.5,3,0,0,0,0,0,0,3.5,0
1451,1202172144,3.5,0,0,0,0,0,2.5,3,3.5,0,3.5,2,0,0,0,0,0,0,3.5,0
1452,1202172152,3,0,0,0,0,0,2,2.5,3.5,0,3.5,3,0,0,0,0,0,0,3.5,0
1453,1202172176,4,0,0,0,0,0,3.5,4,3.5,0,3.5,3.5,0,0,0,0,0,0,3.5,0
1454,1202172192,3,0,0,0,0,0,3.5,3.5,3.5,0,4,2,0,0,0,0,0,0,3.5,0
1455,1202172230,4,0,0,0,0,0,4,3.5,3,0,3.5,4,0,0,0,0,0,0,3.5,0
1456,1202172276,4,0,0,0,0,0,3.5,2.5,3.5,0,3.5,3,0,0,0,0,0,0,3.5,0
1457,1202172300,2,0,0,0,0,0,1,2.5,4,0,4,3,0,0,0,0,0,0,2.5,0
1458,1202172312,2,0,0,0,0,0,0,1,2,0,2.5,2,0,0,0,0,0,0,2,0
1459,1202172316,0,0,0,0,0,0,0,2,3,0,3.5,2.5,0,0,0,0,0,0,0,0
1460,1202172341,4,0,0,0,0,0,3.5,4,4,0,0,3,0,0,0,0,0,0,3.5,0
1461,1202172348,4,0,0,0,0,0,3.5,3.5,4,0,0,2.5,0,0,0,0,0,0,3,0
1462,1202172350,3.5,0,0,0,0,0,2.5,2.5,2,0,0,2,0,0,0,0,0,0,2.5,0
1463,1202172358,2,0,0,0,0,0,0,1,0,0,0,1,0,0,0,0,0,0,2,0
1464,1202172361,2.5,0,0,0,0,0,2.5,2,2.5,0,0,3.5,0,0,0,0,0,0,3,0
1465,1202172362,2.5,0,0,0,0,0,3.5,2,3.5,0,0,3,0,0,0,0,0,0,3.5,0
1466,1202172370,4,0,0,0,0,0,3,4,4,0,0,3.5,0,0,0,0,0,0,3.5,0
1467,1202172373,4,0,0,0,0,0,3.5,4,3.5,0,0,2.5,0,0,0,0,0,0,3.5,0
1468,1202172379,3.5,0,0,0,0,0,3,3.5,3.5,0,0,3.5,0,0,0,0,0,0,3.5,0
1469,1202172391,3.5,0,0,0,0,0,2,3.5,0,0,0,3.5,0,0,0,0,0,0,3.5,0
1470,1202172398,4,0,0,0,0,0,4,3.5,0,0,0,3,0,0,0,0,0,0,3.5,0
1471,1202173095,2.5,0,0,0,0,0,1,1,2.5,0,0,2.5,0,0,0,0,0,0,3,0
1472,1202173102,3.5,0,0,0,0,0,2,2.5,2,0,0,2.5,0,0,0,0,0,0,3.5,0
1473,1202173112,3.5,0,0,0,0,0,3.5,3,2.5,0,0,2.5,0,0,0,0,0,0,2.5,0
1474,1202173123,2,0,0,0,0,0,3,2,2.5,0,0,2,0,0,0,0,0,0,2.5,0
1475,1202173147,3,0,0,0,0,0,4,3.5,3.5,0,0,3.5,0,0,0,0,0,0,3.5,0
1476,1202173150,3.5,0,0,0,0,0,1,1,3.5,0,0,3,0,0,0,0,0,0,3.5,0
1477,1202173177,3.5,0,0,0,0,0,3,3.5,3.5,0,0,2.5,0,0,0,0,0,3,2.5,0
1478,1202173178,4,0,0,0,0,0,3.5,3.5,3.5,0,0,2.5,0,0,0,0,0,0,3.5,0
1479,1202173184,4,0,0,0,0,0,3.5,3.5,3.5,0,0,3.5,0,0,0,0,0,0,4,0
1480,1202173194,2,0,0,0,0,0,2,1,3,0,0,2.5,0,0,0,0,0,0,3.5,0
1481,1202173222,3.5,0,0,0,0,0,2,2,3.5,0,0,2,0,0,0,0,0,0,3.5,0
1482,1202173231,3,0,0,0,0,0,2.5,2,3.5,0,0,3.5,0,0,0,0,0,0,3,0
1483,1202173247,3.5,0,0,0,0,0,2.5,2,2.5,0,0,2,0,0,0,0,0,0,3.5,0
1484,1202173263,3.5,0,0,0,0,0,2.5,2,3.5,0,0,3,0,0,0,0,0,0,2.5,0
1485,1202173277,4,0,0,0,0,0,3.5,3,4,0,0,2.5,0,0,0,0,0,0,2,0
1486,1202173287,2.5,0,0,0,0,0,3.5,3.5,3,0,0,3.5,0,0,0,0,0,0,3.5,0
1487,1202173291,2,0,0,0,0,0,0,2,1,0,0,2.5,0,0,0,0,0,0,1,0
1488,1202173297,3.5,0,0,0,0,0,3,2.5,3,0,0,3,0,0,0,0,0,0,3.5,0
1489,1202173304,2,0,0,0,0,0,2.5,2,2,0,0,3,0,0,0,0,0,0,2,0
1490,1202173307,3.5,0,0,0,0,0,3.5,3.5,3.5,0,0,2,0,0,0,0,0,0,3.5,0
1491,1202173328,3.5,0,0,0,0,0,4,3.5,3.5,0,0,3,0,0,0,0,0,0,3.5,0
1492,1202173339,2,0,0,0,0,0,2,2,2,0,0,2.5,0,0,0,0,0,0,3.5,0
1493,1202173377,4,0,0,0,0,0,4,4,4,0,0,4,0,0,0,0,0,0,3.5,0
1494,1202173383,3,0,0,0,0,0,2,1,2,0,0,2,0,0,0,0,0,0,2,0
1495,1202173384,0,0,0,0,0,0,0,0,2,0,0,2.5,0,0,0,0,0,0,3,0
1496,1202173393,0,0,0,0,0,0,0,2,2,0,0,2.5,0,0,0,0,0,0,0,0
1497,1202173395,0,0,0,0,0,0,0,0,0,0,0,0,0,0,0,0,3,3,2.5,0
1498,1202173396,0,0,0,0,0,0,0,0,0,0,0,0,0,0,0,0,3,3.5,3,0
1499,1202173397,0,0,0,0,0,0,0,0,0,0,0,0,0,0,0,0,3,3,3,0
1500,1202173400,0,0,0,0,0,0,0,3,0,0,0,0,0,0,0,0,0,0,0,0
1501,1202174002,4,0,0,0,0,0,3.5,4,2.5,0,0,3.5,0,0,0,0,0,0,2,0
1502,1202174003,4,0,0,0,0,0,4,4,4,0,0,2,0,0,0,0,0,0,3.5,0
1503,1202174004,3.5,0,0,0,0,0,4,3.5,3.5,0,0,3.5,0,0,0,0,0,0,3.5,0
1504,1202174005,4,0,0,0,0,0,4,4,3.5,0,0,3.5,0,0,0,0,0,0,3.5,0
1505,1202174007,2.5,0,0,0,0,0,2.5,3,3.5,0,0,2.5,0,0,0,0,0,0,3.5,0
1506,1202174008,4,0,0,0,0,0,3.5,4,4,0,0,3,0,0,0,0,0,0,4,0
1507,1202174012,3,0,0,0,0,0,2.5,3.5,3.5,0,0,4,0,0,0,0,0,3.5,3.5,0
1508,1202174013,0,0,0,0,0,0,0,1,2.5,0,0,2,0,0,0,0,0,0,0,0
1509,1202174016,3.5,0,0,0,0,0,3.5,3,3.5,0,0,3.5,0,0,0,0,0,0,4,0
1510,1202174020,3,0,0,0,0,0,2,3.5,3.5,0,0,2.5,0,0,0,0,0,0,2,0
1511,1202174021,0,0,0,0,0,0,2,1,2.5,0,0,3,0,0,0,0,0,0,3.5,0
1512,1202174027,4,0,0,0,0,0,4,4,3.5,0,0,2.5,0,0,0,0,0,0,3.5,0
1513,1202174028,2.5,0,0,0,0,0,2.5,2.5,3.5,0,0,3.5,0,0,0,0,0,0,2,0
1514,1202174031,3,0,0,0,0,0,2.5,2,2.5,0,0,2,0,0,0,0,0,0,2,0
1515,1202174032,3.5,0,0,0,0,0,3.5,3,3.5,0,0,2,0,0,0,0,0,0,3,0
1516,1202174033,4,0,0,0,0,0,3.5,3,3.5,0,0,2,0,0,0,0,0,0,3.5,0
1517,1202174034,4,0,0,0,0,0,3.5,2,3.5,0,0,2.5,0,0,0,0,0,0,3.5,0
1518,1202174036,3,0,0,0,0,0,2,3.5,2.5,0,0,3.5,0,0,0,0,0,0,3.5,0
1519,1202174037,4,0,0,0,0,0,4,4,4,0,0,4,0,0,0,0,0,3.5,4,0
1520,1202174039,3.5,0,0,0,0,0,3,2,3,0,0,2.5,0,0,0,0,0,0,3.5,0
1521,1202174040,2,0,0,0,0,0,1,2,2.5,0,0,3.5,0,0,0,0,0,0,3.5,0
1522,1202174048,3.5,0,0,0,0,0,3.5,3.5,3.5,0,0,3.5,0,0,0,0,0,3.5,3.5,0
1523,1202174052,1,0,0,0,0,0,0,2,3,0,0,3.5,0,0,0,0,0,0,2,0
1524,1202174053,2,0,0,0,0,0,0,1,0,0,0,0,0,0,0,0,0,0,0,0
1525,1202174057,3.5,0,0,0,0,0,3,4,2.5,0,0,3,0,0,0,0,0,0,3.5,0
1526,1202174059,4,0,0,0,0,0,4,3,3.5,0,0,3.5,0,0,0,0,0,0,3,0
1527,1202174061,3.5,0,0,0,0,0,4,3.5,3.5,0,0,3.5,0,0,0,0,0,0,3,0
1528,1202174065,3.5,0,0,0,0,0,2,3,3.5,0,0,2.5,0,0,0,0,0,0,2,0
1529,1202174068,4,0,0,0,0,0,4,3.5,4,0,0,3.5,0,0,0,0,0,0,3.5,0
1530,1202174070,0,0,0,0,0,0,0,0,2.5,0,0,2.5,0,0,0,0,0,0,1,0
1531,1202174071,4,0,0,0,0,0,3,1,3,0,0,2.5,0,0,0,0,0,0,3.5,0
1532,1202174072,2.5,0,0,0,0,0,3,2.5,2,0,0,3,0,0,0,0,0,0,3.5,0
1533,1202174074,2.5,0,0,0,0,0,2.5,3,3,0,0,3,0,0,0,0,0,0,2,0
1534,1202174075,2,0,0,0,0,0,3.5,1,2.5,0,0,2.5,0,0,0,0,0,0,3.5,0
1535,1202174076,2,0,0,0,0,0,4,3.5,3,0,0,3.5,0,0,0,0,0,0,3,0
1536,1202174078,2.5,0,0,0,0,0,2,1,3.5,0,0,2.5,0,0,0,0,0,0,2,0
1537,1202174079,3,0,0,0,0,0,3.5,4,3,0,0,3.5,0,0,0,0,0,0,3,0
1538,1202174082,4,0,0,0,0,0,4,4,4,0,0,3.5,0,0,0,0,0,0,3.5,0
1539,1202174083,4,0,0,0,0,0,4,4,4,0,0,3.5,0,0,0,0,0,0,3.5,0
1540,1202174084,4,0,0,0,0,0,4,4,4,0,0,4,0,0,0,0,0,0,3.5,0
1541,1202174085,3.5,0,0,0,0,0,3,3,2.5,0,0,2.5,0,0,0,0,0,0,3.5,0
1542,1202174086,4,0,0,0,0,0,3.5,4,3.5,0,0,2.5,0,0,0,0,0,0,4,0
1543,1202174087,0,0,0,0,0,0,2.5,2.5,2.5,0,0,2,0,0,0,0,0,0,2.5,0
1544,1202174088,1,0,0,0,0,0,4,3,2.5,0,0,2.5,0,0,0,0,0,0,3.5,0
1545,1202174089,2.5,0,0,0,0,0,3.5,2,3,0,0,3.5,0,0,0,0,0,0,2.5,0
1546,1202174090,3,0,0,0,0,0,4,4,3.5,0,0,4,0,0,0,0,0,3.5,3.5,0
1547,1202174091,3.5,0,0,0,0,0,3.5,4,4,0,0,3,0,0,0,0,0,0,2.5,0
1548,1202174096,3.5,0,0,0,0,0,4,3,4,0,0,3,0,0,0,0,0,0,2.5,0
1549,1202174103,3.5,0,0,0,0,0,2.5,4,4,0,0,3.5,0,0,0,0,0,0,2.5,0
1550,1202174104,3,0,0,0,0,0,3.5,1,2.5,0,0,2,0,0,0,0,0,0,3.5,0
1551,1202174105,3.5,0,0,0,0,0,4,3.5,3.5,0,0,2,0,0,0,0,0,0,3.5,0
1552,1202174107,2.5,0,0,0,0,0,4,4,3.5,0,0,3.5,0,0,0,0,0,0,3,0
1553,1202174111,4,0,0,0,0,0,4,3.5,3.5,0,0,3.5,0,0,0,0,0,0,3.5,0
1554,1202174113,3.5,0,0,0,0,0,4,3.5,4,0,0,2.5,0,0,0,0,0,0,3.5,0
1555,1202174114,4,0,0,0,0,0,3.5,2.5,3.5,0,0,3,0,0,0,0,0,0,3.5,0
1556,1202174122,3.5,0,0,0,0,0,3,3.5,3,0,0,4,0,0,0,0,0,0,3.5,0
1557,1202174124,3.5,0,0,0,0,0,3.5,2,4,0,0,3.5,0,0,0,0,0,0,3,0
1558,1202174125,4,0,0,0,0,0,3.5,3,4,0,0,3.5,0,0,0,0,0,0,3.5,0
1559,1202174126,3.5,0,0,0,0,0,3,4,3.5,0,0,3.5,0,0,0,0,0,3.5,3.5,0
1560,1202174127,0,0,0,0,0,0,1,2.5,3.5,0,0,2.5,0,0,0,0,0,0,3.5,0
1561,1202174128,3,0,0,0,0,0,2,3,3.5,0,0,3,0,0,0,0,0,0,2,0
1562,1202174129,3.5,0,0,0,0,0,3,2.5,4,0,0,3,0,0,0,0,0,0,3,0
1563,1202174134,2.5,0,0,0,0,0,2.5,4,3,0,0,3.5,0,0,0,0,0,0,3,0
1564,1202174135,4,0,0,0,0,0,4,4,3,0,0,2.5,0,0,0,0,0,0,3.5,0
1565,1202174137,4,0,0,0,0,0,3.5,4,4,0,0,3.5,0,0,0,0,0,3.5,3.5,0
1566,1202174138,4,0,0,0,0,0,3,2,3.5,0,0,2.5,0,0,0,0,0,0,2.5,0
1567,1202174142,4,0,0,0,0,0,4,2,3,0,0,2.5,0,0,0,0,0,0,3.5,0
1568,1202174143,4,0,0,0,0,0,4,4,4,0,0,3,0,0,0,0,0,3,3.5,0
1569,1202174145,3.5,0,0,0,0,0,4,3,3,0,0,2.5,0,0,0,0,0,0,3.5,0
1570,1202174146,3,0,0,0,0,0,4,4,4,0,0,3,0,0,0,0,0,3.5,3.5,0
1571,1202174149,3,0,0,0,0,0,3.5,3,3.5,0,0,4,0,0,0,0,0,0,4,0
1572,1202174151,3.5,0,0,0,0,0,4,4,3.5,0,0,3.5,0,0,0,0,0,0,3.5,0
1573,1202174153,3.5,0,0,0,0,0,3.5,3,4,0,0,3.5,0,0,0,0,0,0,3.5,0
1574,1202174155,3,0,0,0,0,0,2,1,2.5,0,0,2.5,0,0,0,0,0,0,2,0
1575,1202174157,3,0,0,0,0,0,2.5,3,4,0,0,3.5,0,0,0,0,0,0,2.5,0
1576,1202174158,2.5,0,0,0,0,0,0,2.5,3.5,0,0,2,0,0,0,0,0,0,3.5,0
1577,1202174159,4,0,0,0,0,0,2.5,3.5,3.5,0,0,3,0,0,0,0,0,3.5,3.5,0
1578,1202174161,3.5,0,0,0,0,0,4,2.5,2.5,0,0,3.5,0,0,0,0,0,0,4,0
1579,1202174164,3.5,0,0,0,0,0,2,1,3.5,0,0,2,0,0,0,0,0,0,2,0
1580,1202174167,4,0,0,0,0,0,3.5,4,3.5,0,0,2.5,0,0,0,0,0,0,3.5,0
1581,1202174170,3,0,0,0,0,0,4,4,3.5,0,0,3.5,0,0,0,0,0,0,3,0
1582,1202174171,4,0,0,0,0,0,2.5,3.5,4,0,0,3.5,0,0,0,0,0,0,3.5,0
1583,1202174172,2.5,0,0,0,0,0,0,1,3,0,0,3,0,0,0,0,0,0,2,0
1584,1202174174,2,0,0,0,0,0,2,3,3,0,0,3.5,0,0,0,0,0,0,2.5,0
1585,1202174175,4,0,0,0,0,0,3.5,4,4,0,0,3,0,0,0,0,0,0,4,0
1586,1202174179,2.5,0,0,0,0,0,3,3.5,3.5,0,0,3.5,0,0,0,0,0,0,3.5,0
1587,1202174181,4,0,0,0,0,0,4,4,3.5,0,0,4,0,0,0,0,0,0,4,0
1588,1202174183,4,0,0,0,0,0,3.5,3.5,4,0,0,3.5,0,0,0,0,0,0,3,0
1589,1202174185,3.5,0,0,0,0,0,3,2,3,0,0,3.5,0,0,0,0,0,0,3,0
1590,1202174189,4,0,0,0,0,0,3.5,4,4,0,0,3,0,0,0,0,0,0,3.5,0
1591,1202174191,1,0,0,0,0,0,2,2,3.5,0,0,3.5,0,0,0,0,0,0,3.5,0
1592,1202174195,4,0,0,0,0,0,3,3.5,3,0,0,4,0,0,0,0,0,3,3,0
1593,1202174196,3.5,0,0,0,0,0,2.5,3,2.5,0,0,3,0,0,0,0,0,0,2,0
1594,1202174197,3.5,0,0,0,0,0,2.5,3.5,3.5,0,0,3,0,0,0,0,0,0,3,0
1595,1202174198,3.5,0,0,0,0,0,2,1,3,0,0,2.5,0,0,0,0,0,0,2.5,0
1596,1202174199,4,0,0,0,0,0,3.5,2.5,3.5,0,0,2,0,0,0,0,0,0,3.5,0
1597,1202174200,4,0,0,0,0,0,3.5,4,4,0,0,3.5,0,0,0,0,0,4,3.5,0
1598,1202174201,3.5,0,0,0,0,0,3.5,3.5,4,0,0,3.5,0,0,0,0,0,0,4,0
1599,1202174202,3.5,0,0,0,0,0,3.5,3,3,0,0,3,0,0,0,0,0,0,3.5,0
1600,1202174203,3.5,0,0,0,0,0,3.5,4,3.5,0,0,3.5,0,0,0,0,0,0,4,0
1601,1202174204,2,0,0,0,0,0,1,1,2,0,0,3,0,0,0,0,0,0,2,0
1602,1202174205,3,0,0,0,0,0,2,2,2.5,0,0,2,0,0,0,0,0,0,3.5,0
1603,1202174208,3.5,0,0,0,0,0,3,2.5,4,0,0,3,0,0,0,0,0,0,3,0
1604,1202174209,0,0,0,0,0,0,0,1,2.5,0,0,3.5,0,0,0,0,0,0,0,0
1605,1202174210,4,0,0,0,0,0,3.5,3.5,4,0,0,3,0,0,0,0,0,0,3.5,0
1606,1202174212,4,0,0,0,0,0,4,4,4,0,0,3,0,0,0,0,0,0,4,0
1607,1202174216,2.5,0,0,0,0,0,2,2,2.5,0,0,3,0,0,0,0,0,0,2,0
1608,1202174218,3.5,0,0,0,0,0,3.5,3,3,0,0,2,0,0,0,0,0,0,3.5,0
1609,1202174219,3.5,0,0,0,0,0,3.5,4,4,0,0,2,0,0,0,0,0,0,3.5,0
1610,1202174220,2,0,0,0,0,0,3.5,2.5,3,0,0,3,0,0,0,0,0,0,3.5,0
1611,1202174221,2.5,0,0,0,0,0,3.5,2,3.5,0,0,3.5,0,0,0,0,0,0,3.5,0
1612,1202174223,2.5,0,0,0,0,0,2,2.5,2.5,0,0,3.5,0,0,0,0,0,0,3,0
1613,1202174224,3.5,0,0,0,0,0,1,3.5,4,0,0,2.5,0,0,0,0,0,0,2,0
1614,1202174225,3.5,0,0,0,0,0,3,2.5,3,0,0,2.5,0,0,0,0,0,0,3.5,0
1615,1202174227,0,0,0,0,0,0,2,2.5,2.5,0,0,2,0,0,0,0,0,0,3,0
1616,1202174233,3.5,0,0,0,0,0,3,3.5,3.5,0,0,3,0,0,0,0,0,0,3.5,0
1617,1202174235,4,0,0,0,0,0,4,3.5,4,0,0,3.5,0,0,0,0,0,0,3.5,0
1618,1202174237,0,0,0,0,0,0,0,0,0,0,0,0,0,0,0,0,0,0,0,0
1619,1202174238,3.5,0,0,0,0,0,2.5,2,4,0,0,2,0,0,0,0,0,0,3.5,0
1620,1202174239,4,0,0,0,0,0,4,4,3.5,0,0,4,0,0,0,0,0,3.5,3.5,0
1621,1202174241,3.5,0,0,0,0,0,3.5,3.5,3.5,0,0,3.5,0,0,0,0,0,0,3.5,0
1622,1202174245,3.5,0,0,0,0,0,4,4,3.5,0,0,4,0,0,0,0,0,0,4,0
1623,1202174246,3.5,0,0,0,0,0,3,3.5,3.5,0,0,2.5,0,0,0,0,0,0,2.5,0
1624,1202174252,4,0,0,0,0,0,3.5,1,4,0,0,3,0,0,0,0,0,0,3.5,0
1625,1202174253,2.5,0,0,0,0,0,2.5,2,3,0,0,2.5,0,0,0,0,0,0,3.5,0
1626,1202174254,2.5,0,0,0,0,0,1,2,2.5,0,0,2.5,0,0,0,0,0,0,1,0
1627,1202174255,2.5,0,0,0,0,0,2.5,2.5,3.5,0,0,3.5,0,0,0,0,0,2.5,2.5,0
1628,1202174259,4,0,0,0,0,0,3.5,3.5,3.5,0,0,2.5,0,0,0,0,0,0,3.5,0
1629,1202174261,0,0,0,0,0,0,0,1,3.5,0,0,2.5,0,0,0,0,0,0,0,0
1630,1202174264,4,0,0,0,0,0,3.5,3.5,3.5,0,0,2,0,0,0,0,0,2.5,3.5,0
1631,1202174266,4,0,0,0,0,0,3.5,4,4,0,0,2.5,0,0,0,0,0,0,4,0
1632,1202174267,2,0,0,0,0,0,3.5,2,3,0,0,2.5,0,0,0,0,0,0,3.5,0
1633,1202174269,2,0,0,0,0,0,3,3.5,3,0,0,3,0,0,0,0,0,2,3,0
1634,1202174271,4,0,0,0,0,0,4,4,4,0,0,3.5,0,0,0,0,0,4,4,0
1635,1202174273,2,0,0,0,0,0,0,0,0,0,0,2,0,0,0,0,0,0,2,0
1636,1202174274,3.5,0,0,0,0,0,2.5,3.5,4,0,0,3.5,0,0,0,0,0,2,3,0
1637,1202174275,2.5,0,0,0,0,0,2.5,3.5,2.5,0,0,3,0,0,0,0,0,0,3.5,0
1638,1202174278,3,0,0,0,0,0,2,2,4,0,0,2,0,0,0,0,0,0,2.5,0
1639,1202174281,4,0,0,0,0,0,2,2.5,2.5,0,0,2,0,0,0,0,0,0,3.5,0
1640,1202174282,3.5,0,0,0,0,0,3.5,3.5,3,0,0,3,0,0,0,0,0,0,3.5,0
1641,1202174284,4,0,0,0,0,0,3.5,1,3,0,0,2.5,0,0,0,0,0,0,3.5,0
1642,1202174288,3.5,0,0,0,0,0,3.5,2,3.5,0,0,2.5,0,0,0,0,0,0,3.5,0
1643,1202174290,1,0,0,0,0,0,0,0,2,0,0,2,0,0,0,0,0,0,2,0
1644,1202174292,3,0,0,0,0,0,3.5,4,3.5,0,0,3.5,0,0,0,0,0,0,2.5,0
1645,1202174294,3,0,0,0,0,0,3.5,2,3,0,0,3.5,0,0,0,0,0,0,3.5,0
1646,1202174295,4,0,0,0,0,0,3.5,3,3.5,0,0,2.5,0,0,0,0,0,0,3,0
1647,1202174296,2,0,0,0,0,0,2,2,2,0,0,3.5,0,0,0,0,0,0,2,0
1648,1202174299,3.5,0,0,0,0,0,3.5,4,4,0,0,3.5,0,0,0,0,0,0,3.5,0
1649,1202174302,4,0,0,0,0,0,4,4,4,0,0,3.5,0,0,0,0,0,4,3.5,0
1650,1202174308,0,0,0,0,0,0,0,4,4,0,0,3,0,0,0,0,0,0,0,0
1651,1202174309,3,0,0,0,0,0,4,2,2.5,0,0,2.5,0,0,0,0,0,0,3.5,0
1652,1202174310,3.5,0,0,0,0,0,3.5,4,3.5,0,0,3.5,0,0,0,0,0,0,3.5,0
1653,1202174311,3.5,0,0,0,0,0,3.5,2,3,0,0,2,0,0,0,0,0,0,2.5,0
1654,1202174313,3,0,0,0,0,0,4,4,3.5,0,0,3.5,0,0,0,0,0,3.5,3,0
1655,1202174318,3.5,0,0,0,0,0,3,3.5,3.5,0,0,4,0,0,0,0,0,0,3.5,0
1656,1202174320,2.5,0,0,0,0,0,2,2.5,3,0,0,3.5,0,0,0,0,0,0,2,0
1657,1202174321,4,0,0,0,0,0,4,4,4,0,0,3.5,0,0,0,0,0,0,3.5,0
1658,1202174322,3.5,0,0,0,0,0,2.5,3,4,0,0,3.5,0,0,0,0,0,0,2,0
1659,1202174324,4,0,0,0,0,0,4,4,4,0,0,3.5,0,0,0,0,0,0,3.5,0
1660,1202174325,4,0,0,0,0,0,4,4,4,0,0,4,0,0,0,0,0,3.5,3.5,0
1661,1202174326,4,0,0,0,0,0,4,4,3.5,0,0,4,0,0,0,0,0,0,4,0
1662,1202174335,2.5,0,0,0,0,0,3.5,1,3.5,0,0,3.5,0,0,0,0,0,0,3.5,0
1663,1202174340,3,0,0,0,0,0,0,0,0,0,0,3.5,0,0,0,0,0,0,3.5,0
1664,1202174342,4,0,0,0,0,0,1,2,2.5,0,0,2.5,0,0,0,0,0,0,3.5,0
1665,1202174345,4,0,0,0,0,0,3,4,4,0,0,2.5,0,0,0,0,0,4,3,0
1666,1202174347,0,0,0,0,0,0,0,0,0,0,0,0,0,0,0,0,0,0,0,0
1667,1202174351,3.5,0,0,0,0,0,3.5,2,3.5,0,0,2.5,0,0,0,0,0,0,3,0
1668,1202174352,3.5,0,0,0,0,0,2.5,2.5,3,0,0,2.5,0,0,0,0,0,0,3.5,0
1669,1202174354,3.5,0,0,0,0,0,3,3.5,4,0,0,3.5,0,0,0,0,0,3,2,0
1670,1202174355,3.5,0,0,0,0,0,3.5,3,3,0,0,3.5,0,0,0,0,0,0,3,0
1671,1202174359,4,0,0,0,0,0,4,4,4,0,0,3,0,0,0,0,0,3,3.5,0
1672,1202174363,0,0,0,0,0,0,0,2.5,3.5,0,0,3.5,0,0,0,0,0,0,0,0
1673,1202174368,2.5,0,0,0,0,0,2,3.5,3.5,0,0,3.5,0,0,0,0,0,3,3,0
1674,1202174372,4,0,0,0,0,0,4,3.5,4,0,0,3,0,0,0,0,0,3.5,3,0
1675,1202174374,3.5,0,0,0,0,0,1,0,4,0,0,3,0,0,0,0,0,0,3.5,0
1676,1202174375,2,0,0,0,0,0,3,2,3.5,0,0,3,0,0,0,0,0,0,2,0
1677,1202174376,2,0,0,0,0,0,1,2,2,0,0,2.5,0,0,0,0,0,0,2,0
1678,1202174378,4,0,0,0,0,0,3.5,3.5,4,0,0,3.5,0,0,0,0,0,0,3,0
1679,1202174380,0,0,0,0,0,0,0,0,0,0,0,0,0,0,0,0,0,0,0,0
1680,1202174387,0,0,0,0,0,0,0,0,0,0,0,0,0,0,0,0,0,0,1,0
1681,1202174388,2.5,0,0,0,0,0,3,3.5,2.5,0,0,3,0,0,0,0,0,0,3,0
1682,1202174390,3.5,0,0,0,0,0,2,3.5,3,0,0,2.5,0,0,0,0,0,0,3,0
1683,1202174399,3.5,0,0,0,0,0,2,1,2,0,0,0,0,0,0,0,0,0,3.5,0